QB,RB,RB,WR,WR,WR,TE,FLEX,DST,,Instructions
,,,,,,,,,,1. Locate the player you want to select in the list below 
,,,,,,,,,,2. Copy the ID of your player (you can use the Name + ID column or the ID column) 
,,,,,,,,,,3. Paste the ID into the roster position desired 
,,,,,,,,,,4. You must include an ID for each player; you cannot use just the player's name 
,,,,,,,,,,5. You can create up to 500 lineups per file 
 
,,,,,,,,,,Position,Name + ID,Name,ID,Salary,GameInfo,TeamAbbrev 
,,,,,,,,,,RB,Le'Veon Bell (9359211),Le'Veon Bell,9359211,9800,PIT@CLE 01:00PM ET,PIT,
,,,,,,,,,,RB,David Johnson (9359235),David Johnson,9359235,9400,ARI@DET 01:00PM ET,ARI,
,,,,,,,,,,WR,Antonio Brown (9358987),Antonio Brown,9358987,8800,PIT@CLE 01:00PM ET,PIT,
,,,,,,,,,,WR,Julio Jones (9359003),Julio Jones,9359003,8500,ATL@CHI 01:00PM ET,ATL,
,,,,,,,,,,WR,Odell Beckham Jr. (9359352),Odell Beckham Jr.,9359352,8300,NYG@DAL 08:30PM ET,NYG,
,,,,,,,,,,RB,LeSean McCoy (9358939),LeSean McCoy,9358939,8200,NYJ@BUF 01:00PM ET,BUF,
,,,,,,,,,,RB,Ezekiel Elliott (9359890),Ezekiel Elliott,9359890,8100,NYG@DAL 08:30PM ET,DAL,
,,,,,,,,,,WR,A.J. Green (9359007),A.J. Green,9359007,8000,BAL@CIN 01:00PM ET,CIN,
,,,,,,,,,,WR,Mike Evans (9359400),Mike Evans,9359400,7800,TB@MIA 01:00PM ET,TB,
,,,,,,,,,,WR,Brandin Cooks (9358590),Brandin Cooks,9358590,7700,KC@NE 08:30PM ET,NE,
,,,,,,,,,,QB,Tom Brady (9358569),Tom Brady,9358569,7600,KC@NE 08:30PM ET,NE,
,,,,,,,,,,WR,Jordy Nelson (9358801),Jordy Nelson,9358801,7600,SEA@GB 04:25PM ET,GB,
,,,,,,,,,,WR,Dez Bryant (9358936),Dez Bryant,9358936,7500,NYG@DAL 08:30PM ET,DAL,
,,,,,,,,,,RB,DeMarco Murray (9358898),DeMarco Murray,9358898,7400,OAK@TEN 01:00PM ET,TEN,
,,,,,,,,,,WR,Michael Thomas (9358645),Michael Thomas,9358645,7400,NO@MIN 07:10PM ET,NO,
,,,,,,,,,,QB,Ben Roethlisberger (9358816),Ben Roethlisberger,9358816,7300,PIT@CLE 01:00PM ET,PIT,
,,,,,,,,,,WR,Amari Cooper (9359594),Amari Cooper,9359594,7200,OAK@TEN 01:00PM ET,OAK,
,,,,,,,,,,QB,Drew Brees (9358623),Drew Brees,9358623,7200,NO@MIN 07:10PM ET,NO,
,,,,,,,,,,QB,Cam Newton (9358917),Cam Newton,9358917,7100,CAR@SF 04:25PM ET,CAR,
,,,,,,,,,,RB,Devonta Freeman (9359384),Devonta Freeman,9359384,7000,ATL@CHI 01:00PM ET,ATL,
,,,,,,,,,,QB,Aaron Rodgers (9358780),Aaron Rodgers,9358780,7000,SEA@GB 04:25PM ET,GB,
,,,,,,,,,,QB,Matt Ryan (9358787),Matt Ryan,9358787,6900,ATL@CHI 01:00PM ET,ATL,
,,,,,,,,,,WR,T.Y. Hilton (9359068),T.Y. Hilton,9359068,6900,IND@LAR 04:05PM ET,IND,
,,,,,,,,,,QB,Russell Wilson (9358965),Russell Wilson,9358965,6900,SEA@GB 04:25PM ET,SEA,
,,,,,,,,,,TE,Rob Gronkowski (9358612),Rob Gronkowski,9358612,6800,KC@NE 08:30PM ET,NE,
,,,,,,,,,,QB,Marcus Mariota (9359532),Marcus Mariota,9359532,6800,OAK@TEN 01:00PM ET,TEN,
,,,,,,,,,,QB,Derek Carr (9359092),Derek Carr,9359092,6700,OAK@TEN 01:00PM ET,OAK,
,,,,,,,,,,WR,Doug Baldwin (9358950),Doug Baldwin,9358950,6700,SEA@GB 04:25PM ET,SEA,
,,,,,,,,,,QB,Jameis Winston (9359698),Jameis Winston,9359698,6600,TB@MIA 01:00PM ET,TB,
,,,,,,,,,,RB,Melvin Gordon (9358682),Melvin Gordon,9358682,6600,LAC@DEN 10:20PM ET,LAC,
,,,,,,,,,,WR,Golden Tate (9358960),Golden Tate,9358960,6500,ARI@DET 01:00PM ET,DET,
,,,,,,,,,,RB,Jay Ajayi (9359367),Jay Ajayi,9359367,6500,TB@MIA 01:00PM ET,MIA,
,,,,,,,,,,QB,Andrew Luck (9359023),Andrew Luck,9359023,6500,IND@LAR 04:05PM ET,IND,
,,,,,,,,,,QB,Kirk Cousins (9358981),Kirk Cousins,9358981,6400,PHI@WAS 01:00PM ET,WAS,
,,,,,,,,,,RB,Jordan Howard (9360049),Jordan Howard,9360049,6300,ATL@CHI 01:00PM ET,CHI,
,,,,,,,,,,QB,Dak Prescott (9359373),Dak Prescott,9359373,6300,NYG@DAL 08:30PM ET,DAL,
,,,,,,,,,,WR,Demaryius Thomas (9358427),Demaryius Thomas,9358427,6300,LAC@DEN 10:20PM ET,DEN,
,,,,,,,,,,QB,Tyrod Taylor (9358949),Tyrod Taylor,9358949,6200,NYJ@BUF 01:00PM ET,BUF,
,,,,,,,,,,WR,Sammy Watkins (9359436),Sammy Watkins,9359436,6200,IND@LAR 04:05PM ET,LAR,
,,,,,,,,,,TE,Greg Olsen (9358807),Greg Olsen,9358807,6200,CAR@SF 04:25PM ET,CAR,
,,,,,,,,,,QB,Matthew Stafford (9358878),Matthew Stafford,9358878,6100,ARI@DET 01:00PM ET,DET,
,,,,,,,,,,WR,Terrelle Pryor Sr. (9359005),Terrelle Pryor Sr.,9359005,6100,PHI@WAS 01:00PM ET,WAS,
,,,,,,,,,,RB,Darren McFadden (9358846),Darren McFadden,9358846,6100,NYG@DAL 08:30PM ET,DAL,
,,,,,,,,,,WR,Keenan Allen (9358696),Keenan Allen,9358696,6100,LAC@DEN 10:20PM ET,LAC,
,,,,,,,,,,WR,Martavis Bryant (9359430),Martavis Bryant,9359430,6000,PIT@CLE 01:00PM ET,PIT,
,,,,,,,,,,QB,Carson Palmer (9358775),Carson Palmer,9358775,6000,ARI@DET 01:00PM ET,ARI,
,,,,,,,,,,WR,Michael Crabtree (9358887),Michael Crabtree,9358887,6000,OAK@TEN 01:00PM ET,OAK,
,,,,,,,,,,RB,Todd Gurley (9359771),Todd Gurley,9359771,6000,IND@LAR 04:05PM ET,LAR,
,,,,,,,,,,WR,Stefon Diggs (9358532),Stefon Diggs,9358532,6000,NO@MIN 07:10PM ET,MIN,
,,,,,,,,,,WR,Larry Fitzgerald (9358814),Larry Fitzgerald,9358814,5900,ARI@DET 01:00PM ET,ARI,
,,,,,,,,,,WR,DeAndre Hopkins (9359331),DeAndre Hopkins,9359331,5900,JAX@HOU 01:00PM ET,HOU,
,,,,,,,,,,TE,Jordan Reed (9359142),Jordan Reed,9359142,5900,PHI@WAS 01:00PM ET,WAS,
,,,,,,,,,,WR,Kelvin Benjamin (9359473),Kelvin Benjamin,9359473,5900,CAR@SF 04:25PM ET,CAR,
,,,,,,,,,,QB,Sam Bradford (9358515),Sam Bradford,9358515,5900,NO@MIN 07:10PM ET,MIN,
,,,,,,,,,,RB,Dalvin Cook (9358520),Dalvin Cook,9358520,5900,NO@MIN 07:10PM ET,MIN,
,,,,,,,,,,RB,Kareem Hunt (9358466),Kareem Hunt,9358466,5800,KC@NE 08:30PM ET,KC,
,,,,,,,,,,QB,Jimmy Garoppolo (9358570),Jimmy Garoppolo,9358570,5800,KC@NE 08:30PM ET,NE,
,,,,,,,,,,WR,Alshon Jeffery (9359122),Alshon Jeffery,9359122,5800,PHI@WAS 01:00PM ET,PHI,
,,,,,,,,,,RB,Ty Montgomery (9359415),Ty Montgomery,9359415,5800,SEA@GB 04:25PM ET,GB,
,,,,,,,,,,QB,Philip Rivers (9358678),Philip Rivers,9358678,5800,LAC@DEN 10:20PM ET,LAC,
,,,,,,,,,,WR,Tyreek Hill (9358478),Tyreek Hill,9358478,5700,KC@NE 08:30PM ET,KC,
,,,,,,,,,,QB,Andy Dalton (9358877),Andy Dalton,9358877,5700,BAL@CIN 01:00PM ET,CIN,
,,,,,,,,,,RB,Leonard Fournette (9360095),Leonard Fournette,9360095,5700,JAX@HOU 01:00PM ET,JAX,
,,,,,,,,,,TE,Travis Kelce (9358502),Travis Kelce,9358502,5600,KC@NE 08:30PM ET,KC,
,,,,,,,,,,WR,Jamison Crowder (9359423),Jamison Crowder,9359423,5600,PHI@WAS 01:00PM ET,WAS,
,,,,,,,,,,QB,Eli Manning (9358813),Eli Manning,9358813,5600,NYG@DAL 08:30PM ET,NYG,
,,,,,,,,,,QB,Joe Flacco (9358790),Joe Flacco,9358790,5500,BAL@CIN 01:00PM ET,BAL,
,,,,,,,,,,RB,Joe Mixon (9360085),Joe Mixon,9360085,5500,BAL@CIN 01:00PM ET,CIN,
,,,,,,,,,,RB,Derrick Henry (9359901),Derrick Henry,9359901,5500,OAK@TEN 01:00PM ET,TEN,
,,,,,,,,,,QB,Derek Anderson (9358768),Derek Anderson,9358768,5500,CAR@SF 04:25PM ET,CAR,
,,,,,,,,,,QB,Alex Smith (9358462),Alex Smith,9358462,5400,KC@NE 08:30PM ET,KC,
,,,,,,,,,,RB,Tevin Coleman (9359799),Tevin Coleman,9359799,5400,ATL@CHI 01:00PM ET,ATL,
,,,,,,,,,,QB,Jay Cutler (9358767),Jay Cutler,9358767,5400,TB@MIA 01:00PM ET,MIA,
,,,,,,,,,,WR,Jarvis Landry (9359354),Jarvis Landry,9359354,5400,TB@MIA 01:00PM ET,MIA,
,,,,,,,,,,RB,Christian McCaffrey (9360106),Christian McCaffrey,9360106,5400,CAR@SF 04:25PM ET,CAR,
,,,,,,,,,,RB,Isaiah Crowell (9359508),Isaiah Crowell,9359508,5300,PIT@CLE 01:00PM ET,CLE,
,,,,,,,,,,WR,DeVante Parker (9359438),DeVante Parker,9359438,5300,TB@MIA 01:00PM ET,MIA,
,,,,,,,,,,RB,Marshawn Lynch (9358839),Marshawn Lynch,9358839,5300,OAK@TEN 01:00PM ET,OAK,
,,,,,,,,,,QB,Carson Wentz (9359579),Carson Wentz,9359579,5300,PHI@WAS 01:00PM ET,PHI,
,,,,,,,,,,WR,Randall Cobb (9359063),Randall Cobb,9359063,5300,SEA@GB 04:25PM ET,GB,
,,,,,,,,,,WR,Pierre Garcon (9358952),Pierre Garcon,9358952,5300,CAR@SF 04:25PM ET,SF,
,,,,,,,,,,RB,Danny Woodhead (9358912),Danny Woodhead,9358912,5200,BAL@CIN 01:00PM ET,BAL,
,,,,,,,,,,WR,Allen Robinson (9359555),Allen Robinson,9359555,5200,JAX@HOU 01:00PM ET,JAX,
,,,,,,,,,,QB,Colt McCoy (9358876),Colt McCoy,9358876,5200,PHI@WAS 01:00PM ET,WAS,
,,,,,,,,,,WR,Davante Adams (9359572),Davante Adams,9359572,5200,SEA@GB 04:25PM ET,GB,
,,,,,,,,,,WR,Emmanuel Sanders (9358429),Emmanuel Sanders,9358429,5200,LAC@DEN 10:20PM ET,DEN,
,,,,,,,,,,RB,Lamar Miller (9359144),Lamar Miller,9359144,5100,JAX@HOU 01:00PM ET,HOU,
,,,,,,,,,,TE,Jimmy Graham (9358854),Jimmy Graham,9358854,5100,SEA@GB 04:25PM ET,SEA,
,,,,,,,,,,QB,Brian Hoyer (9358825),Brian Hoyer,9358825,5100,CAR@SF 04:25PM ET,SF,
,,,,,,,,,,WR,Brandon Marshall (9358773),Brandon Marshall,9358773,5100,NYG@DAL 08:30PM ET,NYG,
,,,,,,,,,,WR,Cameron Meredith (9359342),Cameron Meredith,9359342,5000,ATL@CHI 01:00PM ET,CHI,
,,,,,,,,,,WR,Jeremy Maclin (9358902),Jeremy Maclin,9358902,5000,BAL@CIN 01:00PM ET,BAL,
,,,,,,,,,,QB,Ryan Tannehill (9358918),Ryan Tannehill,9358918,5000,TB@MIA 01:00PM ET,MIA,
,,,,,,,,,,WR,Eric Decker (9358866),Eric Decker,9358866,5000,OAK@TEN 01:00PM ET,TEN,
,,,,,,,,,,WR,Donte Moncrief (9359514),Donte Moncrief,9359514,5000,IND@LAR 04:05PM ET,IND,
,,,,,,,,,,RB,Eddie Lacy (9359137),Eddie Lacy,9359137,5000,SEA@GB 04:25PM ET,SEA,
,,,,,,,,,,RB,Jonathan Stewart (9358858),Jonathan Stewart,9358858,5000,CAR@SF 04:25PM ET,CAR,
,,,,,,,,,,QB,Trevor Siemian (9358407),Trevor Siemian,9358407,5000,LAC@DEN 10:20PM ET,DEN,
,,,,,,,,,,RB,Bilal Powell (9358976),Bilal Powell,9358976,4900,NYJ@BUF 01:00PM ET,NYJ,
,,,,,,,,,,QB,Mike Glennon (9359054),Mike Glennon,9359054,4900,ATL@CHI 01:00PM ET,CHI,
,,,,,,,,,,QB,Matt Moore (9358783),Matt Moore,9358783,4900,TB@MIA 01:00PM ET,MIA,
,,,,,,,,,,WR,DeSean Jackson (9358870),DeSean Jackson,9358870,4900,TB@MIA 01:00PM ET,TB,
,,,,,,,,,,RB,Jacquizz Rodgers (9359009),Jacquizz Rodgers,9359009,4900,TB@MIA 01:00PM ET,TB,
,,,,,,,,,,WR,Willie Snead (9358647),Willie Snead,9358647,4900,NO@MIN 07:10PM ET,NO,
,,,,,,,,,,WR,Tyrell Williams (9358698),Tyrell Williams,9358698,4900,LAC@DEN 10:20PM ET,LAC,
,,,,,,,,,,RB,Mike Gillislee (9358572),Mike Gillislee,9358572,4800,KC@NE 08:30PM ET,NE,
,,,,,,,,,,WR,Chris Hogan (9358592),Chris Hogan,9358592,4800,KC@NE 08:30PM ET,NE,
,,,,,,,,,,RB,Matt Forte (9358829),Matt Forte,9358829,4800,NYJ@BUF 01:00PM ET,NYJ,
,,,,,,,,,,WR,Kenny Britt (9358910),Kenny Britt,9358910,4800,PIT@CLE 01:00PM ET,CLE,
,,,,,,,,,,QB,Cody Kessler (9359374),Cody Kessler,9359374,4800,PIT@CLE 01:00PM ET,CLE,
,,,,,,,,,,QB,DeShone Kizer (9360141),DeShone Kizer,9360141,4800,PIT@CLE 01:00PM ET,CLE,
,,,,,,,,,,WR,John Brown (9359075),John Brown,9359075,4800,ARI@DET 01:00PM ET,ARI,
,,,,,,,,,,QB,Tom Savage (9359166),Tom Savage,9359166,4800,JAX@HOU 01:00PM ET,HOU,
,,,,,,,,,,QB,Blake Bortles (9359337),Blake Bortles,9359337,4800,JAX@HOU 01:00PM ET,JAX,
,,,,,,,,,,QB,Deshaun Watson (9360105),Deshaun Watson,9360105,4800,JAX@HOU 01:00PM ET,HOU,
,,,,,,,,,,QB,Ryan Fitzpatrick (9358769),Ryan Fitzpatrick,9358769,4800,TB@MIA 01:00PM ET,TB,
,,,,,,,,,,RB,Doug Martin (9358924),Doug Martin,9358924,4800,TB@MIA 01:00PM ET,TB,
,,,,,,,,,,QB,Jared Goff (9359862),Jared Goff,9359862,4800,IND@LAR 04:05PM ET,LAR,
,,,,,,,,,,RB,Thomas Rawls (9359481),Thomas Rawls,9359481,4800,SEA@GB 04:25PM ET,SEA,
,,,,,,,,,,QB,Geno Smith (9359180),Geno Smith,9359180,4800,NYG@DAL 08:30PM ET,NYG,
,,,,,,,,,,WR,Adam Thielen (9358534),Adam Thielen,9358534,4800,NO@MIN 07:10PM ET,MIN,
,,,,,,,,,,RB,Mark Ingram (9358627),Mark Ingram,9358627,4800,NO@MIN 07:10PM ET,NO,
,,,,,,,,,,QB,Patrick Mahomes II (9358463),Patrick Mahomes II,9358463,4700,KC@NE 08:30PM ET,KC,
,,,,,,,,,,QB,AJ McCarron (9359139),AJ McCarron,9359139,4700,BAL@CIN 01:00PM ET,CIN,
,,,,,,,,,,RB,Terrance West (9359404),Terrance West,9359404,4700,BAL@CIN 01:00PM ET,BAL,
,,,,,,,,,,QB,Landry Jones (9358995),Landry Jones,9358995,4700,PIT@CLE 01:00PM ET,PIT,
,,,,,,,,,,RB,Theo Riddick (9359148),Theo Riddick,9359148,4700,ARI@DET 01:00PM ET,DET,
,,,,,,,,,,QB,Brett Hundley (9359360),Brett Hundley,9359360,4700,SEA@GB 04:25PM ET,GB,
,,,,,,,,,,QB,Colin Kaepernick (9358879),Colin Kaepernick,9358879,4700,CAR@SF 04:25PM ET,SF,
,,,,,,,,,,WR,Cole Beasley (9359021),Cole Beasley,9359021,4700,NYG@DAL 08:30PM ET,DAL,
,,,,,,,,,,QB,Case Keenum (9358516),Case Keenum,9358516,4700,NO@MIN 07:10PM ET,MIN,
,,,,,,,,,,TE,Kyle Rudolph (9358554),Kyle Rudolph,9358554,4700,NO@MIN 07:10PM ET,MIN,
,,,,,,,,,,QB,Josh McCown (9358763),Josh McCown,9358763,4600,NYJ@BUF 01:00PM ET,NYJ,
,,,,,,,,,,QB,Mitchell Trubisky (9359883),Mitchell Trubisky,9359883,4600,ATL@CHI 01:00PM ET,CHI,
,,,,,,,,,,TE,Tyler Eifert (9359146),Tyler Eifert,9359146,4600,BAL@CIN 01:00PM ET,CIN,
,,,,,,,,,,RB,Duke Johnson Jr. (9359701),Duke Johnson Jr.,9359701,4600,PIT@CLE 01:00PM ET,CLE,
,,,,,,,,,,QB,Nick Foles (9358980),Nick Foles,9358980,4600,PHI@WAS 01:00PM ET,PHI,
,,,,,,,,,,RB,Carlos Hyde (9359217),Carlos Hyde,9359217,4600,CAR@SF 04:25PM ET,SF,
,,,,,,,,,,QB,Chase Daniel (9358624),Chase Daniel,9358624,4600,NO@MIN 07:10PM ET,NO,
,,,,,,,,,,QB,Paxton Lynch (9358408),Paxton Lynch,9358408,4600,LAC@DEN 10:20PM ET,DEN,
,,,,,,,,,,RB,C.J. Anderson (9358411),C.J. Anderson,9358411,4600,LAC@DEN 10:20PM ET,DEN,
,,,,,,,,,,QB,Matt Schaub (9358819),Matt Schaub,9358819,4500,ATL@CHI 01:00PM ET,ATL,
,,,,,,,,,,WR,Mike Wallace (9358914),Mike Wallace,9358914,4500,BAL@CIN 01:00PM ET,BAL,
,,,,,,,,,,QB,Ryan Mallett (9358916),Ryan Mallett,9358916,4500,BAL@CIN 01:00PM ET,BAL,
,,,,,,,,,,RB,Giovani Bernard (9359221),Giovani Bernard,9359221,4500,BAL@CIN 01:00PM ET,CIN,
,,,,,,,,,,RB,James Conner (9359959),James Conner,9359959,4500,PIT@CLE 01:00PM ET,PIT,
,,,,,,,,,,QB,Blaine Gabbert (9359039),Blaine Gabbert,9359039,4500,ARI@DET 01:00PM ET,ARI,
,,,,,,,,,,QB,Matt Cassel (9358764),Matt Cassel,9358764,4500,OAK@TEN 01:00PM ET,TEN,
,,,,,,,,,,QB,Connor Cook (9359495),Connor Cook,9359495,4500,OAK@TEN 01:00PM ET,OAK,
,,,,,,,,,,RB,LeGarrette Blount (9359000),LeGarrette Blount,9359000,4500,PHI@WAS 01:00PM ET,PHI,
,,,,,,,,,,QB,Scott Tolzien (9358895),Scott Tolzien,9358895,4500,IND@LAR 04:05PM ET,IND,
,,,,,,,,,,QB,Trevone Boykin (9359425),Trevone Boykin,9359425,4500,SEA@GB 04:25PM ET,SEA,
,,,,,,,,,,RB,Adrian Peterson (9358629),Adrian Peterson,9358629,4500,NO@MIN 07:10PM ET,NO,
,,,,,,,,,,QB,Brock Osweiler (9359095),Brock Osweiler,9359095,4500,LAC@DEN 10:20PM ET,DEN,
,,,,,,,,,,RB,Rex Burkhead (9358574),Rex Burkhead,9358574,4400,KC@NE 08:30PM ET,NE,
,,,,,,,,,,WR,Jordan Matthews (9359273),Jordan Matthews,9359273,4400,NYJ@BUF 01:00PM ET,BUF,
,,,,,,,,,,QB,Christian Hackenberg (9360015),Christian Hackenberg,9360015,4400,NYJ@BUF 01:00PM ET,NYJ,
,,,,,,,,,,RB,Jeremy Hill (9359597),Jeremy Hill,9359597,4400,BAL@CIN 01:00PM ET,CIN,
,,,,,,,,,,WR,Corey Coleman (9359787),Corey Coleman,9359787,4400,PIT@CLE 01:00PM ET,CLE,
,,,,,,,,,,WR,Tyler Lockett (9359463),Tyler Lockett,9359463,4400,SEA@GB 04:25PM ET,SEA,
,,,,,,,,,,QB,Kellen Moore (9358923),Kellen Moore,9358923,4400,NYG@DAL 08:30PM ET,DAL,
,,,,,,,,,,RB,Alfred Morris (9358926),Alfred Morris,9358926,4400,NYG@DAL 08:30PM ET,DAL,
,,,,,,,,,,QB,Cardale Jones (9358679),Cardale Jones,9358679,4400,LAC@DEN 10:20PM ET,LAC,
,,,,,,,,,,WR,Danny Amendola (9358594),Danny Amendola,9358594,4300,KC@NE 08:30PM ET,NE,
,,,,,,,,,,QB,Mark Sanchez (9358865),Mark Sanchez,9358865,4300,ATL@CHI 01:00PM ET,CHI,
,,,,,,,,,,RB,Ameer Abdullah (9359363),Ameer Abdullah,9359363,4300,ARI@DET 01:00PM ET,DET,
,,,,,,,,,,QB,Chad Henne (9358826),Chad Henne,9358826,4300,JAX@HOU 01:00PM ET,JAX,
,,,,,,,,,,TE,Delanie Walker (9358795),Delanie Walker,9358795,4300,OAK@TEN 01:00PM ET,TEN,
,,,,,,,,,,RB,Rob Kelley (9359444),Rob Kelley,9359444,4300,PHI@WAS 01:00PM ET,WAS,
,,,,,,,,,,RB,Frank Gore (9358765),Frank Gore,9358765,4300,IND@LAR 04:05PM ET,IND,
,,,,,,,,,,QB,Sean Mannion (9359309),Sean Mannion,9359309,4300,IND@LAR 04:05PM ET,LAR,
,,,,,,,,,,WR,Devin Funchess (9359804),Devin Funchess,9359804,4300,CAR@SF 04:25PM ET,CAR,
,,,,,,,,,,RB,Paul Perkins (9359679),Paul Perkins,9359679,4300,NYG@DAL 08:30PM ET,NYG,
,,,,,,,,,,QB,T.J. Yates (9358882),T.J. Yates,9358882,4200,NYJ@BUF 01:00PM ET,BUF,
,,,,,,,,,,WR,Mohamed Sanu (9359081),Mohamed Sanu,9359081,4200,ATL@CHI 01:00PM ET,ATL,
,,,,,,,,,,WR,Kevin White (9359873),Kevin White,9359873,4200,ATL@CHI 01:00PM ET,CHI,
,,,,,,,,,,RB,Alfred Blue (9359183),Alfred Blue,9359183,4200,JAX@HOU 01:00PM ET,HOU,
,,,,,,,,,,WR,Rishard Matthews (9359303),Rishard Matthews,9359303,4200,OAK@TEN 01:00PM ET,TEN,
,,,,,,,,,,RB,Samaje Perine (9360087),Samaje Perine,9360087,4200,PHI@WAS 01:00PM ET,WAS,
,,,,,,,,,,RB,Latavius Murray (9358522),Latavius Murray,9358522,4200,NO@MIN 07:10PM ET,MIN,
,,,,,,,,,,WR,Ted Ginn Jr. (9358649),Ted Ginn Jr.,9358649,4200,NO@MIN 07:10PM ET,NO,
,,,,,,,,,,RB,Jamaal Charles (9358413),Jamaal Charles,9358413,4200,LAC@DEN 10:20PM ET,DEN,
,,,,,,,,,,QB,Drew Stanton (9358786),Drew Stanton,9358786,4100,ARI@DET 01:00PM ET,ARI,
,,,,,,,,,,WR,Marvin Jones Jr. (9359028),Marvin Jones Jr.,9359028,4100,ARI@DET 01:00PM ET,DET,
,,,,,,,,,,RB,D'Onta Foreman (9360119),D'Onta Foreman,9360119,4100,JAX@HOU 01:00PM ET,HOU,
,,,,,,,,,,RB,Kenyan Drake (9359763),Kenyan Drake,9359763,4100,TB@MIA 01:00PM ET,MIA,
,,,,,,,,,,RB,DeAndre Washington (9359471),DeAndre Washington,9359471,4100,OAK@TEN 01:00PM ET,OAK,
,,,,,,,,,,TE,Martellus Bennett (9358872),Martellus Bennett,9358872,4100,SEA@GB 04:25PM ET,GB,
,,,,,,,,,,RB,C.J. Prosise (9359822),C.J. Prosise,9359822,4100,SEA@GB 04:25PM ET,SEA,
,,,,,,,,,,RB,Tim Hightower (9358823),Tim Hightower,9358823,4100,CAR@SF 04:25PM ET,SF,
,,,,,,,,,,WR,Sterling Shepard (9359688),Sterling Shepard,9359688,4100,NYG@DAL 08:30PM ET,NYG,
,,,,,,,,,,QB,Tyler Bray (9358464),Tyler Bray,9358464,4000,KC@NE 08:30PM ET,KC,
,,,,,,,,,,QB,Joel Stave (9358465),Joel Stave,9358465,4000,KC@NE 08:30PM ET,KC,
,,,,,,,,,,RB,Charcandrick West (9358468),Charcandrick West,9358468,4000,KC@NE 08:30PM ET,KC,
,,,,,,,,,,QB,Bryce Petty (9359121),Bryce Petty,9359121,4000,NYJ@BUF 01:00PM ET,NYJ,
,,,,,,,,,,QB,Nathan Peterman (9359596),Nathan Peterman,9359596,4000,NYJ@BUF 01:00PM ET,BUF,
,,,,,,,,,,QB,Keith Wenning (9360213),Keith Wenning,9360213,4000,NYJ@BUF 01:00PM ET,BUF,
,,,,,,,,,,QB,Matt Simms (9358982),Matt Simms,9358982,4000,ATL@CHI 01:00PM ET,ATL,
,,,,,,,,,,QB,Connor Shaw (9359208),Connor Shaw,9359208,4000,ATL@CHI 01:00PM ET,CHI,
,,,,,,,,,,WR,Taylor Gabriel (9360055),Taylor Gabriel,9360055,4000,ATL@CHI 01:00PM ET,ATL,
,,,,,,,,,,QB,Alek Torgersen (9360071),Alek Torgersen,9360071,4000,ATL@CHI 01:00PM ET,ATL,
,,,,,,,,,,QB,Jeff Driskel (9359383),Jeff Driskel,9359383,4000,BAL@CIN 01:00PM ET,CIN,
,,,,,,,,,,QB,Dustin Vaughan (9360082),Dustin Vaughan,9360082,4000,BAL@CIN 01:00PM ET,BAL,
,,,,,,,,,,QB,Thad Lewis (9360206),Thad Lewis,9360206,4000,BAL@CIN 01:00PM ET,BAL,
,,,,,,,,,,QB,Robert Griffin III (9359002),Robert Griffin III,9359002,4000,PIT@CLE 01:00PM ET,CLE,
,,,,,,,,,,WR,Josh Gordon (9359119),Josh Gordon,9359119,4000,PIT@CLE 01:00PM ET,CLE,
,,,,,,,,,,RB,Fitzgerald Toussaint (9359156),Fitzgerald Toussaint,9359156,4000,PIT@CLE 01:00PM ET,PIT,
,,,,,,,,,,WR,Justin Hunter (9359202),Justin Hunter,9359202,4000,PIT@CLE 01:00PM ET,PIT,
,,,,,,,,,,QB,Kevin Hogan (9359414),Kevin Hogan,9359414,4000,PIT@CLE 01:00PM ET,CLE,
,,,,,,,,,,QB,Josh Woodrum (9359574),Josh Woodrum,9359574,4000,PIT@CLE 01:00PM ET,CLE,
,,,,,,,,,,QB,Bart Houston (9359626),Bart Houston,9359626,4000,PIT@CLE 01:00PM ET,PIT,
,,,,,,,,,,QB,Joshua Dobbs (9359934),Joshua Dobbs,9359934,4000,PIT@CLE 01:00PM ET,PIT,
,,,,,,,,,,QB,Jake Rudock (9359571),Jake Rudock,9359571,4000,ARI@DET 01:00PM ET,DET,
,,,,,,,,,,QB,Trevor Knight (9359687),Trevor Knight,9359687,4000,ARI@DET 01:00PM ET,ARI,
,,,,,,,,,,QB,Brandon Weeden (9358938),Brandon Weeden,9358938,4000,JAX@HOU 01:00PM ET,HOU,
,,,,,,,,,,QB,Brandon Allen (9359450),Brandon Allen,9359450,4000,JAX@HOU 01:00PM ET,JAX,
,,,,,,,,,,QB,Ryan Griffin (9359067),Ryan Griffin,9359067,4000,TB@MIA 01:00PM ET,TB,
,,,,,,,,,,QB,David Fales (9359173),David Fales,9359173,4000,TB@MIA 01:00PM ET,MIA,
,,,,,,,,,,QB,Brandon Doughty (9359324),Brandon Doughty,9359324,4000,TB@MIA 01:00PM ET,MIA,
,,,,,,,,,,QB,Sefo Liufau (9360001),Sefo Liufau,9360001,4000,TB@MIA 01:00PM ET,TB,
,,,,,,,,,,QB,EJ Manuel (9359036),EJ Manuel,9359036,4000,OAK@TEN 01:00PM ET,OAK,
,,,,,,,,,,QB,Alex Tanney (9359588),Alex Tanney,9359588,4000,OAK@TEN 01:00PM ET,TEN,
,,,,,,,,,,QB,Tyler Ferguson (9359892),Tyler Ferguson,9359892,4000,OAK@TEN 01:00PM ET,TEN,
,,,,,,,,,,WR,Corey Davis (9359899),Corey Davis,9359899,4000,OAK@TEN 01:00PM ET,TEN,
,,,,,,,,,,QB,Matt McGloin (9359074),Matt McGloin,9359074,4000,PHI@WAS 01:00PM ET,PHI,
,,,,,,,,,,QB,Dane Evans (9359617),Dane Evans,9359617,4000,PHI@WAS 01:00PM ET,PHI,
,,,,,,,,,,QB,Nate Sudfeld (9359801),Nate Sudfeld,9359801,4000,PHI@WAS 01:00PM ET,WAS,
,,,,,,,,,,QB,Jacoby Brissett (9358571),Jacoby Brissett,9358571,4000,IND@LAR 04:05PM ET,IND,
,,,,,,,,,,QB,Dan Orlovsky (9358770),Dan Orlovsky,9358770,4000,IND@LAR 04:05PM ET,LAR,
,,,,,,,,,,RB,Robert Turbin (9358972),Robert Turbin,9358972,4000,IND@LAR 04:05PM ET,IND,
,,,,,,,,,,QB,Stephen Morris (9359197),Stephen Morris,9359197,4000,IND@LAR 04:05PM ET,IND,
,,,,,,,,,,WR,Robert Woods (9359281),Robert Woods,9359281,4000,IND@LAR 04:05PM ET,LAR,
,,,,,,,,,,QB,Phillip Walker (9360024),Phillip Walker,9360024,4000,IND@LAR 04:05PM ET,IND,
,,,,,,,,,,QB,Austin Davis (9358964),Austin Davis,9358964,4000,SEA@GB 04:25PM ET,SEA,
,,,,,,,,,,QB,Joe Callahan (9359591),Joe Callahan,9359591,4000,SEA@GB 04:25PM ET,GB,
,,,,,,,,,,QB,Joe Webb (9358862),Joe Webb,9358862,4000,CAR@SF 04:25PM ET,CAR,
,,,,,,,,,,QB,Matt Barkley (9359083),Matt Barkley,9359083,4000,CAR@SF 04:25PM ET,SF,
,,,,,,,,,,QB,Garrett Gilbert (9359126),Garrett Gilbert,9359126,4000,CAR@SF 04:25PM ET,CAR,
,,,,,,,,,,QB,C.J. Beathard (9359709),C.J. Beathard,9359709,4000,CAR@SF 04:25PM ET,SF,
,,,,,,,,,,QB,Nick Mullens (9360012),Nick Mullens,9360012,4000,CAR@SF 04:25PM ET,SF,
,,,,,,,,,,QB,Brad Kaaya (9360110),Brad Kaaya,9360110,4000,CAR@SF 04:25PM ET,CAR,
,,,,,,,,,,RB,Joe Williams (9360150),Joe Williams,9360150,4000,CAR@SF 04:25PM ET,SF,
,,,,,,,,,,QB,Luke McCown (9358820),Luke McCown,9358820,4000,NYG@DAL 08:30PM ET,DAL,
,,,,,,,,,,QB,Josh Johnson (9358841),Josh Johnson,9358841,4000,NYG@DAL 08:30PM ET,NYG,
,,,,,,,,,,QB,Cooper Rush (9359762),Cooper Rush,9359762,4000,NYG@DAL 08:30PM ET,DAL,
,,,,,,,,,,QB,Davis Webb (9359909),Davis Webb,9359909,4000,NYG@DAL 08:30PM ET,NYG,
,,,,,,,,,,QB,Mitch Leidner (9358517),Mitch Leidner,9358517,4000,NO@MIN 07:10PM ET,MIN,
,,,,,,,,,,QB,Taylor Heinicke (9358518),Taylor Heinicke,9358518,4000,NO@MIN 07:10PM ET,MIN,
,,,,,,,,,,QB,Teddy Bridgewater (9358519),Teddy Bridgewater,9358519,4000,NO@MIN 07:10PM ET,MIN,
,,,,,,,,,,QB,Ryan Nassib (9358625),Ryan Nassib,9358625,4000,NO@MIN 07:10PM ET,NO,
,,,,,,,,,,QB,Garrett Grayson (9358626),Garrett Grayson,9358626,4000,NO@MIN 07:10PM ET,NO,
,,,,,,,,,,QB,Taysom Hill (9359116),Taysom Hill,9359116,4000,NO@MIN 07:10PM ET,NO,
,,,,,,,,,,QB,Chad Kelly (9358409),Chad Kelly,9358409,4000,LAC@DEN 10:20PM ET,DEN,
,,,,,,,,,,QB,Kyle Sloter (9358410),Kyle Sloter,9358410,4000,LAC@DEN 10:20PM ET,DEN,
,,,,,,,,,,QB,Kellen Clemens (9358680),Kellen Clemens,9358680,4000,LAC@DEN 10:20PM ET,LAC,
,,,,,,,,,,QB,Mike Bercovici (9358681),Mike Bercovici,9358681,4000,LAC@DEN 10:20PM ET,LAC,
,,,,,,,,,,RB,Branden Oliver (9358684),Branden Oliver,9358684,4000,LAC@DEN 10:20PM ET,LAC,
,,,,,,,,,,RB,James White (9358576),James White,9358576,3900,KC@NE 08:30PM ET,NE,
,,,,,,,,,,DST,Bills  (9358738),Bills ,9358738,3900,NYJ@BUF 01:00PM ET,BUF,
,,,,,,,,,,RB,Jonathan Williams (9359746),Jonathan Williams,9359746,3900,NYJ@BUF 01:00PM ET,BUF,
,,,,,,,,,,RB,Jeremy Langford (9359301),Jeremy Langford,9359301,3900,ATL@CHI 01:00PM ET,CHI,
,,,,,,,,,,WR,Eli Rogers (9359506),Eli Rogers,9359506,3900,PIT@CLE 01:00PM ET,PIT,
,,,,,,,,,,RB,Chris Johnson (9358835),Chris Johnson,9358835,3900,ARI@DET 01:00PM ET,ARI,
,,,,,,,,,,WR,Braxton Miller (9359396),Braxton Miller,9359396,3900,JAX@HOU 01:00PM ET,HOU,
,,,,,,,,,,RB,T.J. Yeldon (9359599),T.J. Yeldon,9359599,3900,JAX@HOU 01:00PM ET,JAX,
,,,,,,,,,,RB,Charles Sims (9359135),Charles Sims,9359135,3900,TB@MIA 01:00PM ET,TB,
,,,,,,,,,,RB,Jalen Richard (9359736),Jalen Richard,9359736,3900,OAK@TEN 01:00PM ET,OAK,
,,,,,,,,,,RB,Darren Sproles (9358771),Darren Sproles,9358771,3900,PHI@WAS 01:00PM ET,PHI,
,,,,,,,,,,RB,Malcolm Brown (9359451),Malcolm Brown,9359451,3900,IND@LAR 04:05PM ET,LAR,
,,,,,,,,,,RB,Jamaal Williams (9359785),Jamaal Williams,9359785,3900,SEA@GB 04:25PM ET,GB,
,,,,,,,,,,TE,Jason Witten (9358778),Jason Witten,9358778,3900,NYG@DAL 08:30PM ET,DAL,
,,,,,,,,,,RB,Rod Smith (9359253),Rod Smith,9359253,3900,NYG@DAL 08:30PM ET,DAL,
,,,,,,,,,,RB,Dion Lewis (9358578),Dion Lewis,9358578,3800,KC@NE 08:30PM ET,NE,
,,,,,,,,,,WR,Robby Anderson (9359545),Robby Anderson,9359545,3800,NYJ@BUF 01:00PM ET,NYJ,
,,,,,,,,,,WR,Sammie Coates (9359388),Sammie Coates,9359388,3800,PIT@CLE 01:00PM ET,CLE,
,,,,,,,,,,RB,Kerwynn Williams (9359133),Kerwynn Williams,9359133,3800,ARI@DET 01:00PM ET,ARI,
,,,,,,,,,,RB,Zach Zenner (9359348),Zach Zenner,9359348,3800,ARI@DET 01:00PM ET,DET,
,,,,,,,,,,DST,Texans  (9358739),Texans ,9358739,3800,JAX@HOU 01:00PM ET,HOU,
,,,,,,,,,,WR,Marqise Lee (9359419),Marqise Lee,9359419,3800,JAX@HOU 01:00PM ET,JAX,
,,,,,,,,,,WR,Will Fuller V (9360039),Will Fuller V,9360039,3800,JAX@HOU 01:00PM ET,HOU,
,,,,,,,,,,WR,Kenny Stills (9359206),Kenny Stills,9359206,3800,TB@MIA 01:00PM ET,MIA,
,,,,,,,,,,RB,Damien Williams (9359690),Damien Williams,9359690,3800,TB@MIA 01:00PM ET,MIA,
,,,,,,,,,,WR,Nelson Agholor (9359683),Nelson Agholor,9359683,3800,PHI@WAS 01:00PM ET,PHI,
,,,,,,,,,,RB,Wendell Smallwood (9359871),Wendell Smallwood,9359871,3800,PHI@WAS 01:00PM ET,PHI,
,,,,,,,,,,WR,Tavon Austin (9359178),Tavon Austin,9359178,3800,IND@LAR 04:05PM ET,LAR,
,,,,,,,,,,WR,Jeremy Kerley (9358956),Jeremy Kerley,9358956,3800,CAR@SF 04:25PM ET,SF,
,,,,,,,,,,RB,Shane Vereen (9358968),Shane Vereen,9358968,3800,NYG@DAL 08:30PM ET,NYG,
,,,,,,,,,,WR,Terrance Williams (9359019),Terrance Williams,9359019,3800,NYG@DAL 08:30PM ET,DAL,
,,,,,,,,,,WR,Malcolm Mitchell (9358608),Malcolm Mitchell,9358608,3700,KC@NE 08:30PM ET,NE,
,,,,,,,,,,WR,ArDarius Stewart (9360051),ArDarius Stewart,9360051,3700,NYJ@BUF 01:00PM ET,NYJ,
,,,,,,,,,,WR,Brandon LaFell (9358874),Brandon LaFell,9358874,3700,BAL@CIN 01:00PM ET,CIN,
,,,,,,,,,,WR,J.J. Nelson (9359307),J.J. Nelson,9359307,3700,ARI@DET 01:00PM ET,ARI,
,,,,,,,,,,DST,Jaguars  (9358761),Jaguars ,9358761,3700,JAX@HOU 01:00PM ET,JAX,
,,,,,,,,,,RB,Jeremy McNichols (9360129),Jeremy McNichols,9360129,3700,TB@MIA 01:00PM ET,TB,
,,,,,,,,,,WR,Torrey Smith (9358947),Torrey Smith,9358947,3700,PHI@WAS 01:00PM ET,PHI,
,,,,,,,,,,RB,Chris Thompson (9359150),Chris Thompson,9359150,3700,PHI@WAS 01:00PM ET,WAS,
,,,,,,,,,,TE,Jack Doyle (9359077),Jack Doyle,9359077,3700,IND@LAR 04:05PM ET,IND,
,,,,,,,,,,WR,Cooper Kupp (9359826),Cooper Kupp,9359826,3700,IND@LAR 04:05PM ET,LAR,
,,,,,,,,,,WR,Paul Richardson (9359329),Paul Richardson,9359329,3700,SEA@GB 04:25PM ET,SEA,
,,,,,,,,,,RB,Aaron Jones (9359941),Aaron Jones,9359941,3700,SEA@GB 04:25PM ET,GB,
,,,,,,,,,,RB,Fozzy Whittaker (9358919),Fozzy Whittaker,9358919,3700,CAR@SF 04:25PM ET,CAR,
,,,,,,,,,,WR,Mike Williams (9358700),Mike Williams,9358700,3700,LAC@DEN 10:20PM ET,LAC,
,,,,,,,,,,RB,Benny Cunningham (9359102),Benny Cunningham,9359102,3600,ATL@CHI 01:00PM ET,CHI,
,,,,,,,,,,WR,Tyler Boyd (9359957),Tyler Boyd,9359957,3600,BAL@CIN 01:00PM ET,CIN,
,,,,,,,,,,DST,Steelers  (9358755),Steelers ,9358755,3600,PIT@CLE 01:00PM ET,PIT,
,,,,,,,,,,WR,JuJu Smith-Schuster (9360121),JuJu Smith-Schuster,9360121,3600,PIT@CLE 01:00PM ET,PIT,
,,,,,,,,,,TE,Eric Ebron (9359483),Eric Ebron,9359483,3600,ARI@DET 01:00PM ET,DET,
,,,,,,,,,,WR,Kenny Golladay (9359818),Kenny Golladay,9359818,3600,ARI@DET 01:00PM ET,DET,
,,,,,,,,,,RB,Chris Ivory (9358908),Chris Ivory,9358908,3600,JAX@HOU 01:00PM ET,JAX,
,,,,,,,,,,WR,Adam Humphries (9359432),Adam Humphries,9359432,3600,TB@MIA 01:00PM ET,TB,
,,,,,,,,,,WR,Taywan Taylor (9360045),Taywan Taylor,9360045,3600,OAK@TEN 01:00PM ET,TEN,
,,,,,,,,,,WR,Jeff Janis (9360080),Jeff Janis,9360080,3600,SEA@GB 04:25PM ET,GB,
,,,,,,,,,,WR,Curtis Samuel (9360091),Curtis Samuel,9360091,3600,CAR@SF 04:25PM ET,CAR,
,,,,,,,,,,RB,De'Angelo Henderson (9358415),De'Angelo Henderson,9358415,3600,LAC@DEN 10:20PM ET,DEN,
,,,,,,,,,,DST,Broncos  (9358461),Broncos ,9358461,3600,LAC@DEN 10:20PM ET,DEN,
,,,,,,,,,,WR,Anquan Boldin (9358776),Anquan Boldin,9358776,3500,NYJ@BUF 01:00PM ET,BUF,
,,,,,,,,,,WR,Charone Peake (9359434),Charone Peake,9359434,3500,NYJ@BUF 01:00PM ET,NYJ,
,,,,,,,,,,RB,Elijah McGuire (9359922),Elijah McGuire,9359922,3500,NYJ@BUF 01:00PM ET,NYJ,
,,,,,,,,,,WR,Zay Jones (9359993),Zay Jones,9359993,3500,NYJ@BUF 01:00PM ET,BUF,
,,,,,,,,,,WR,Markus Wheaton (9359098),Markus Wheaton,9359098,3500,ATL@CHI 01:00PM ET,CHI,
,,,,,,,,,,WR,Breshad Perriman (9359629),Breshad Perriman,9359629,3500,BAL@CIN 01:00PM ET,BAL,
,,,,,,,,,,WR,Allen Hurns (9359193),Allen Hurns,9359193,3500,JAX@HOU 01:00PM ET,JAX,
,,,,,,,,,,WR,Jaelen Strong (9359905),Jaelen Strong,9359905,3500,JAX@HOU 01:00PM ET,HOU,
,,,,,,,,,,TE,Zach Ertz (9359110),Zach Ertz,9359110,3500,PHI@WAS 01:00PM ET,PHI,
,,,,,,,,,,WR,Josh Doctson (9359381),Josh Doctson,9359381,3500,PHI@WAS 01:00PM ET,WAS,
,,,,,,,,,,RB,Donnel Pumphrey (9359991),Donnel Pumphrey,9359991,3500,PHI@WAS 01:00PM ET,PHI,
,,,,,,,,,,WR,Kamar Aiken (9358958),Kamar Aiken,9358958,3500,IND@LAR 04:05PM ET,IND,
,,,,,,,,,,RB,Devante Mays (9360152),Devante Mays,9360152,3500,SEA@GB 04:25PM ET,GB,
,,,,,,,,,,DST,Panthers  (9358760),Panthers ,9358760,3500,CAR@SF 04:25PM ET,CAR,
,,,,,,,,,,RB,Wayne Gallman (9359916),Wayne Gallman,9359916,3500,NYG@DAL 08:30PM ET,NYG,
,,,,,,,,,,WR,Laquon Treadwell (9358536),Laquon Treadwell,9358536,3500,NO@MIN 07:10PM ET,MIN,
,,,,,,,,,,RB,Alvin Kamara (9358631),Alvin Kamara,9358631,3500,NO@MIN 07:10PM ET,NO,
,,,,,,,,,,RB,Devontae Booker (9358417),Devontae Booker,9358417,3500,LAC@DEN 10:20PM ET,DEN,
,,,,,,,,,,WR,Dontrelle Inman (9358702),Dontrelle Inman,9358702,3500,LAC@DEN 10:20PM ET,LAC,
,,,,,,,,,,DST,Patriots  (9358622),Patriots ,9358622,3400,KC@NE 08:30PM ET,NE,
,,,,,,,,,,WR,Jermaine Kearse (9359015),Jermaine Kearse,9359015,3400,NYJ@BUF 01:00PM ET,NYJ,
,,,,,,,,,,RB,Andre Ellington (9359042),Andre Ellington,9359042,3400,ARI@DET 01:00PM ET,ARI,
,,,,,,,,,,DST,Buccaneers  (9358758),Buccaneers ,9358758,3400,TB@MIA 01:00PM ET,TB,
,,,,,,,,,,WR,Ryan Grant (9359096),Ryan Grant,9359096,3400,PHI@WAS 01:00PM ET,WAS,
,,,,,,,,,,RB,Marlon Mack (9360142),Marlon Mack,9360142,3400,IND@LAR 04:05PM ET,IND,
,,,,,,,,,,WR,Travis Benjamin (9358704),Travis Benjamin,9358704,3400,LAC@DEN 10:20PM ET,LAC,
,,,,,,,,,,TE,Hunter Henry (9358722),Hunter Henry,9358722,3400,LAC@DEN 10:20PM ET,LAC,
,,,,,,,,,,WR,Chris Conley (9358480),Chris Conley,9358480,3300,KC@NE 08:30PM ET,KC,
,,,,,,,,,,WR,Phillip Dorsett (9359406),Phillip Dorsett,9359406,3300,KC@NE 08:30PM ET,NE,
,,,,,,,,,,DST,Falcons  (9358737),Falcons ,9358737,3300,ATL@CHI 01:00PM ET,ATL,
,,,,,,,,,,WR,Victor Cruz (9358821),Victor Cruz,9358821,3300,ATL@CHI 01:00PM ET,CHI,
,,,,,,,,,,WR,John Ross (9360004),John Ross,9360004,3300,BAL@CIN 01:00PM ET,CIN,
,,,,,,,,,,WR,Jaron Brown (9359044),Jaron Brown,9359044,3300,ARI@DET 01:00PM ET,ARI,
,,,,,,,,,,RB,Dwayne Washington (9359856),Dwayne Washington,9359856,3300,ARI@DET 01:00PM ET,DET,
,,,,,,,,,,TE,Jared Cook (9358863),Jared Cook,9358863,3300,OAK@TEN 01:00PM ET,OAK,
,,,,,,,,,,WR,Seth Roberts (9359848),Seth Roberts,9359848,3300,OAK@TEN 01:00PM ET,OAK,
,,,,,,,,,,WR,Aldrick Robinson (9358966),Aldrick Robinson,9358966,3300,CAR@SF 04:25PM ET,SF,
,,,,,,,,,,WR,Russell Shepard (9359079),Russell Shepard,9359079,3300,CAR@SF 04:25PM ET,CAR,
,,,,,,,,,,WR,Roger Lewis (9360099),Roger Lewis,9360099,3300,NYG@DAL 08:30PM ET,NYG,
,,,,,,,,,,WR,Brandon Coleman (9358651),Brandon Coleman,9358651,3300,NO@MIN 07:10PM ET,NO,
,,,,,,,,,,WR,Albert Wilson (9358482),Albert Wilson,9358482,3200,KC@NE 08:30PM ET,KC,
,,,,,,,,,,TE,Charles Clay (9358962),Charles Clay,9358962,3200,NYJ@BUF 01:00PM ET,BUF,
,,,,,,,,,,WR,Kendall Wright (9359017),Kendall Wright,9359017,3200,ATL@CHI 01:00PM ET,CHI,
,,,,,,,,,,RB,Ryan Mathews (9358989),Ryan Mathews,9358989,3200,PHI@WAS 01:00PM ET,PHI,
,,,,,,,,,,DST,Rams  (9358749),Rams ,9358749,3200,IND@LAR 04:05PM ET,LAR,
,,,,,,,,,,WR,Marquise Goodwin (9359127),Marquise Goodwin,9359127,3200,CAR@SF 04:25PM ET,SF,
,,,,,,,,,,WR,Tavarres King (9358996),Tavarres King,9358996,3200,NYG@DAL 08:30PM ET,NYG,
,,,,,,,,,,RB,Jerick McKinnon (9358524),Jerick McKinnon,9358524,3200,NO@MIN 07:10PM ET,MIN,
,,,,,,,,,,DST,Bengals  (9358741),Bengals ,9358741,3100,BAL@CIN 01:00PM ET,CIN,
,,,,,,,,,,TE,C.J. Fiedorowicz (9359251),C.J. Fiedorowicz,9359251,3100,JAX@HOU 01:00PM ET,HOU,
,,,,,,,,,,TE,Cameron Brate (9359239),Cameron Brate,9359239,3100,TB@MIA 01:00PM ET,TB,
,,,,,,,,,,WR,Tajae Sharpe (9359844),Tajae Sharpe,9359844,3100,OAK@TEN 01:00PM ET,TEN,
,,,,,,,,,,RB,Elijah Hood (9360101),Elijah Hood,9360101,3100,OAK@TEN 01:00PM ET,OAK,
,,,,,,,,,,WR,Brian Quick (9358932),Brian Quick,9358932,3100,PHI@WAS 01:00PM ET,WAS,
,,,,,,,,,,WR,Pharoh Cooper (9359981),Pharoh Cooper,9359981,3100,IND@LAR 04:05PM ET,LAR,
,,,,,,,,,,RB,Orleans Darkwa (9359223),Orleans Darkwa,9359223,3100,NYG@DAL 08:30PM ET,NYG,
,,,,,,,,,,WR,Austin Carr (9358596),Austin Carr,9358596,3100,NO@MIN 07:10PM ET,NO,
,,,,,,,,,,RB,Devine Redding (9358470),Devine Redding,9358470,3000,KC@NE 08:30PM ET,KC,
,,,,,,,,,,RB,Spencer Ware (9358472),Spencer Ware,9358472,3000,KC@NE 08:30PM ET,KC,
,,,,,,,,,,RB,Anthony Sherman (9358474),Anthony Sherman,9358474,3000,KC@NE 08:30PM ET,KC,
,,,,,,,,,,RB,C.J. Spiller (9358476),C.J. Spiller,9358476,3000,KC@NE 08:30PM ET,KC,
,,,,,,,,,,WR,De'Anthony Thomas (9358484),De'Anthony Thomas,9358484,3000,KC@NE 08:30PM ET,KC,
,,,,,,,,,,WR,Seantavius Jones (9358486),Seantavius Jones,9358486,3000,KC@NE 08:30PM ET,KC,
,,,,,,,,,,WR,Tony Stevens (9358488),Tony Stevens,9358488,3000,KC@NE 08:30PM ET,KC,
,,,,,,,,,,WR,Marcus Kemp (9358490),Marcus Kemp,9358490,3000,KC@NE 08:30PM ET,KC,
,,,,,,,,,,WR,Robert Wheelwright (9358492),Robert Wheelwright,9358492,3000,KC@NE 08:30PM ET,KC,
,,,,,,,,,,WR,Tevin Jones (9358494),Tevin Jones,9358494,3000,KC@NE 08:30PM ET,KC,
,,,,,,,,,,WR,Gehrig Dieter (9358496),Gehrig Dieter,9358496,3000,KC@NE 08:30PM ET,KC,
,,,,,,,,,,WR,Jehu Chesson (9358498),Jehu Chesson,9358498,3000,KC@NE 08:30PM ET,KC,
,,,,,,,,,,WR,Demarcus Robinson (9358500),Demarcus Robinson,9358500,3000,KC@NE 08:30PM ET,KC,
,,,,,,,,,,RB,Brandon Bolden (9358580),Brandon Bolden,9358580,3000,KC@NE 08:30PM ET,NE,
,,,,,,,,,,RB,James Develin (9358582),James Develin,9358582,3000,KC@NE 08:30PM ET,NE,
,,,,,,,,,,RB,LeShun Daniels Jr. (9358584),LeShun Daniels Jr.,9358584,3000,KC@NE 08:30PM ET,NE,
,,,,,,,,,,RB,D.J. Foster (9358586),D.J. Foster,9358586,3000,KC@NE 08:30PM ET,NE,
,,,,,,,,,,RB,Glenn Gronkowski (9358588),Glenn Gronkowski,9358588,3000,KC@NE 08:30PM ET,NE,
,,,,,,,,,,WR,Julian Edelman (9358598),Julian Edelman,9358598,3000,KC@NE 08:30PM ET,NE,
,,,,,,,,,,WR,K.J. Maye (9358600),K.J. Maye,9358600,3000,KC@NE 08:30PM ET,NE,
,,,,,,,,,,WR,Cody Hollister (9358602),Cody Hollister,9358602,3000,KC@NE 08:30PM ET,NE,
,,,,,,,,,,WR,Matthew Slater (9358604),Matthew Slater,9358604,3000,KC@NE 08:30PM ET,NE,
,,,,,,,,,,WR,Tony Washington (9358606),Tony Washington,9358606,3000,KC@NE 08:30PM ET,NE,
,,,,,,,,,,WR,Devin Lucien (9358610),Devin Lucien,9358610,3000,KC@NE 08:30PM ET,NE,
,,,,,,,,,,WR,Kalif Raymond (9358447),Kalif Raymond,9358447,3000,NYJ@BUF 01:00PM ET,NYJ,
,,,,,,,,,,RB,Mike Tolbert (9358833),Mike Tolbert,9358833,3000,NYJ@BUF 01:00PM ET,BUF,
,,,,,,,,,,WR,Brandon Tate (9358848),Brandon Tate,9358848,3000,NYJ@BUF 01:00PM ET,BUF,
,,,,,,,,,,RB,Taiwan Jones (9358930),Taiwan Jones,9358930,3000,NYJ@BUF 01:00PM ET,BUF,
,,,,,,,,,,RB,Joe Banyard (9358954),Joe Banyard,9358954,3000,NYJ@BUF 01:00PM ET,BUF,
,,,,,,,,,,RB,Patrick DiMarco (9358991),Patrick DiMarco,9358991,3000,NYJ@BUF 01:00PM ET,BUF,
,,,,,,,,,,WR,Frankie Hammond Jr. (9359037),Frankie Hammond Jr.,9359037,3000,NYJ@BUF 01:00PM ET,NYJ,
,,,,,,,,,,WR,Myles White (9359050),Myles White,9359050,3000,NYJ@BUF 01:00PM ET,NYJ,
,,,,,,,,,,WR,Quincy Enunwa (9359189),Quincy Enunwa,9359189,3000,NYJ@BUF 01:00PM ET,NYJ,
,,,,,,,,,,WR,Rod Streater (9359227),Rod Streater,9359227,3000,NYJ@BUF 01:00PM ET,BUF,
,,,,,,,,,,RB,Marcus Murphy (9359245),Marcus Murphy,9359245,3000,NYJ@BUF 01:00PM ET,NYJ,
,,,,,,,,,,WR,Walter Powell (9359267),Walter Powell,9359267,3000,NYJ@BUF 01:00PM ET,BUF,
,,,,,,,,,,WR,Kaelin Clay (9359297),Kaelin Clay,9359297,3000,NYJ@BUF 01:00PM ET,BUF,
,,,,,,,,,,WR,Andre Holmes (9359310),Andre Holmes,9359310,3000,NYJ@BUF 01:00PM ET,BUF,
,,,,,,,,,,RB,Algernon Brown (9359314),Algernon Brown,9359314,3000,NYJ@BUF 01:00PM ET,NYJ,
,,,,,,,,,,WR,Marquess Wilson (9359327),Marquess Wilson,9359327,3000,NYJ@BUF 01:00PM ET,NYJ,
,,,,,,,,,,WR,Philly Brown (9359346),Philly Brown,9359346,3000,NYJ@BUF 01:00PM ET,BUF,
,,,,,,,,,,WR,Rashad Ross (9359412),Rashad Ross,9359412,3000,NYJ@BUF 01:00PM ET,BUF,
,,,,,,,,,,WR,Dezmin Lewis (9359428),Dezmin Lewis,9359428,3000,NYJ@BUF 01:00PM ET,BUF,
,,,,,,,,,,WR,Deshon Foxx (9359453),Deshon Foxx,9359453,3000,NYJ@BUF 01:00PM ET,NYJ,
,,,,,,,,,,RB,Romar Morris (9359485),Romar Morris,9359485,3000,NYJ@BUF 01:00PM ET,NYJ,
,,,,,,,,,,WR,Jeremy Butler (9359520),Jeremy Butler,9359520,3000,NYJ@BUF 01:00PM ET,BUF,
,,,,,,,,,,WR,Brandon Reilly (9359609),Brandon Reilly,9359609,3000,NYJ@BUF 01:00PM ET,BUF,
,,,,,,,,,,WR,Gabe Marks (9359627),Gabe Marks,9359627,3000,NYJ@BUF 01:00PM ET,NYJ,
,,,,,,,,,,WR,Chris Harper (9359665),Chris Harper,9359665,3000,NYJ@BUF 01:00PM ET,NYJ,
,,,,,,,,,,RB,Jordan Johnson (9359756),Jordan Johnson,9359756,3000,NYJ@BUF 01:00PM ET,BUF,
,,,,,,,,,,WR,Daikiel Shorts (9359869),Daikiel Shorts,9359869,3000,NYJ@BUF 01:00PM ET,BUF,
,,,,,,,,,,WR,Jalin Marshall (9359888),Jalin Marshall,9359888,3000,NYJ@BUF 01:00PM ET,NYJ,
,,,,,,,,,,WR,Lucky Whitehead (9359897),Lucky Whitehead,9359897,3000,NYJ@BUF 01:00PM ET,NYJ,
,,,,,,,,,,WR,Damore'ea Stringfellow (9360006),Damore'ea Stringfellow,9360006,3000,NYJ@BUF 01:00PM ET,NYJ,
,,,,,,,,,,RB,Anthony Firkser (9360067),Anthony Firkser,9360067,3000,NYJ@BUF 01:00PM ET,NYJ,
,,,,,,,,,,WR,Chad Hansen (9360074),Chad Hansen,9360074,3000,NYJ@BUF 01:00PM ET,NYJ,
,,,,,,,,,,RB,Julian Howsare (9360158),Julian Howsare,9360158,3000,NYJ@BUF 01:00PM ET,NYJ,
,,,,,,,,,,RB,Cedric O'Neal (9360178),Cedric O'Neal,9360178,3000,NYJ@BUF 01:00PM ET,BUF,
,,,,,,,,,,WR,Kenbrell Thompkins (9360214),Kenbrell Thompkins,9360214,3000,NYJ@BUF 01:00PM ET,NYJ,
,,,,,,,,,,RB,Jahad Thomas (9360242),Jahad Thomas,9360242,3000,NYJ@BUF 01:00PM ET,NYJ,
,,,,,,,,,,WR,Dan Williams (9360252),Dan Williams,9360252,3000,NYJ@BUF 01:00PM ET,NYJ,
,,,,,,,,,,WR,Andre Roberts (9358891),Andre Roberts,9358891,3000,ATL@CHI 01:00PM ET,ATL,
,,,,,,,,,,WR,Deonte Thompson (9358934),Deonte Thompson,9358934,3000,ATL@CHI 01:00PM ET,CHI,
,,,,,,,,,,RB,Derrick Coleman (9359030),Derrick Coleman,9359030,3000,ATL@CHI 01:00PM ET,ATL,
,,,,,,,,,,WR,B.J. Daniels (9359055),B.J. Daniels,9359055,3000,ATL@CHI 01:00PM ET,ATL,
,,,,,,,,,,WR,Rueben Randle (9359100),Rueben Randle,9359100,3000,ATL@CHI 01:00PM ET,CHI,
,,,,,,,,,,WR,Nick Williams (9359162),Nick Williams,9359162,3000,ATL@CHI 01:00PM ET,ATL,
,,,,,,,,,,WR,Josh Bellamy (9359255),Josh Bellamy,9359255,3000,ATL@CHI 01:00PM ET,CHI,
,,,,,,,,,,RB,Michael Burton (9359287),Michael Burton,9359287,3000,ATL@CHI 01:00PM ET,CHI,
,,,,,,,,,,WR,Justin Hardy (9359305),Justin Hardy,9359305,3000,ATL@CHI 01:00PM ET,ATL,
,,,,,,,,,,RB,Terron Ward (9359361),Terron Ward,9359361,3000,ATL@CHI 01:00PM ET,ATL,
,,,,,,,,,,WR,Titus Davis (9359371),Titus Davis,9359371,3000,ATL@CHI 01:00PM ET,CHI,
,,,,,,,,,,RB,Ka'Deem Carey (9359398),Ka'Deem Carey,9359398,3000,ATL@CHI 01:00PM ET,CHI,
,,,,,,,,,,WR,Tre McBride (9359402),Tre McBride,9359402,3000,ATL@CHI 01:00PM ET,CHI,
,,,,,,,,,,WR,Marvin Hall (9359518),Marvin Hall,9359518,3000,ATL@CHI 01:00PM ET,ATL,
,,,,,,,,,,WR,Daniel Braverman (9359620),Daniel Braverman,9359620,3000,ATL@CHI 01:00PM ET,CHI,
,,,,,,,,,,WR,Alton Howard (9359657),Alton Howard,9359657,3000,ATL@CHI 01:00PM ET,CHI,
,,,,,,,,,,RB,Josh Rounds (9359738),Josh Rounds,9359738,3000,ATL@CHI 01:00PM ET,CHI,
,,,,,,,,,,WR,Josh Magee (9359765),Josh Magee,9359765,3000,ATL@CHI 01:00PM ET,ATL,
,,,,,,,,,,WR,Deante Burton (9359791),Deante Burton,9359791,3000,ATL@CHI 01:00PM ET,ATL,
,,,,,,,,,,WR,Reginald Davis III (9359793),Reginald Davis III,9359793,3000,ATL@CHI 01:00PM ET,ATL,
,,,,,,,,,,RB,Kelvin Taylor (9359860),Kelvin Taylor,9359860,3000,ATL@CHI 01:00PM ET,ATL,
,,,,,,,,,,WR,Bra'Lon Cherry (9359884),Bra'Lon Cherry,9359884,3000,ATL@CHI 01:00PM ET,ATL,
,,,,,,,,,,WR,Tanner Gentry (9359895),Tanner Gentry,9359895,3000,ATL@CHI 01:00PM ET,CHI,
,,,,,,,,,,RB,Freddie Stevenson (9359912),Freddie Stevenson,9359912,3000,ATL@CHI 01:00PM ET,CHI,
,,,,,,,,,,TE,Austin Hooper (9359924),Austin Hooper,9359924,3000,ATL@CHI 01:00PM ET,ATL,
,,,,,,,,,,RB,Taquan Mizzell (9359987),Taquan Mizzell,9359987,3000,ATL@CHI 01:00PM ET,CHI,
,,,,,,,,,,RB,Tyler Renew (9360035),Tyler Renew,9360035,3000,ATL@CHI 01:00PM ET,ATL,
,,,,,,,,,,RB,Tarik Cohen (9360065),Tarik Cohen,9360065,3000,ATL@CHI 01:00PM ET,CHI,
,,,,,,,,,,RB,Brian Hill (9360103),Brian Hill,9360103,3000,ATL@CHI 01:00PM ET,ATL,
,,,,,,,,,,WR,Anthony Dable (9360176),Anthony Dable,9360176,3000,ATL@CHI 01:00PM ET,ATL,
,,,,,,,,,,RB,Jhurell Pressley (9360228),Jhurell Pressley,9360228,3000,ATL@CHI 01:00PM ET,ATL,
,,,,,,,,,,RB,Cedric Peerman (9358831),Cedric Peerman,9358831,3000,BAL@CIN 01:00PM ET,CIN,
,,,,,,,,,,RB,Bobby Rainey (9358983),Bobby Rainey,9358983,3000,BAL@CIN 01:00PM ET,BAL,
,,,,,,,,,,WR,Griff Whalen (9359024),Griff Whalen,9359024,3000,BAL@CIN 01:00PM ET,BAL,
,,,,,,,,,,WR,Michael Campanaro (9359104),Michael Campanaro,9359104,3000,BAL@CIN 01:00PM ET,BAL,
,,,,,,,,,,WR,Chris Matthews (9359169),Chris Matthews,9359169,3000,BAL@CIN 01:00PM ET,BAL,
,,,,,,,,,,WR,Kenny Bell (9359187),Kenny Bell,9359187,3000,BAL@CIN 01:00PM ET,BAL,
,,,,,,,,,,WR,Jake Kumerow (9359312),Jake Kumerow,9359312,3000,BAL@CIN 01:00PM ET,CIN,
,,,,,,,,,,RB,Javorius Allen (9359417),Javorius Allen,9359417,3000,BAL@CIN 01:00PM ET,BAL,
,,,,,,,,,,WR,Chris Moore (9359502),Chris Moore,9359502,3000,BAL@CIN 01:00PM ET,BAL,
,,,,,,,,,,RB,Tra Carson (9359530),Tra Carson,9359530,3000,BAL@CIN 01:00PM ET,CIN,
,,,,,,,,,,WR,Alex Erickson (9359624),Alex Erickson,9359624,3000,BAL@CIN 01:00PM ET,CIN,
,,,,,,,,,,RB,Kenneth Dixon (9359730),Kenneth Dixon,9359730,3000,BAL@CIN 01:00PM ET,BAL,
,,,,,,,,,,WR,Cody Core (9359775),Cody Core,9359775,3000,BAL@CIN 01:00PM ET,CIN,
,,,,,,,,,,RB,Ricky Ortiz (9359781),Ricky Ortiz,9359781,3000,BAL@CIN 01:00PM ET,BAL,
,,,,,,,,,,WR,C.J. Board (9359789),C.J. Board,9359789,3000,BAL@CIN 01:00PM ET,BAL,
,,,,,,,,,,WR,Keenan Reynolds (9359797),Keenan Reynolds,9359797,3000,BAL@CIN 01:00PM ET,BAL,
,,,,,,,,,,WR,Alonzo Russell (9359816),Alonzo Russell,9359816,3000,BAL@CIN 01:00PM ET,CIN,
,,,,,,,,,,WR,Chris Brown (9359820),Chris Brown,9359820,3000,BAL@CIN 01:00PM ET,CIN,
,,,,,,,,,,RB,Lorenzo Taliaferro (9359832),Lorenzo Taliaferro,9359832,3000,BAL@CIN 01:00PM ET,BAL,
,,,,,,,,,,RB,Darrin Laufasa (9359939),Darrin Laufasa,9359939,3000,BAL@CIN 01:00PM ET,CIN,
,,,,,,,,,,WR,Kermit Whitfield (9359951),Kermit Whitfield,9359951,3000,BAL@CIN 01:00PM ET,CIN,
,,,,,,,,,,RB,Jarveon Williams (9359967),Jarveon Williams,9359967,3000,BAL@CIN 01:00PM ET,CIN,
,,,,,,,,,,WR,Quincy Adeboyejo (9360025),Quincy Adeboyejo,9360025,3000,BAL@CIN 01:00PM ET,BAL,
,,,,,,,,,,WR,Vince Mayle (9360031),Vince Mayle,9360031,3000,BAL@CIN 01:00PM ET,BAL,
,,,,,,,,,,WR,Josh Malone (9360083),Josh Malone,9360083,3000,BAL@CIN 01:00PM ET,CIN,
,,,,,,,,,,WR,Tim White (9360164),Tim White,9360164,3000,BAL@CIN 01:00PM ET,BAL,
,,,,,,,,,,RB,DeAngelo Williams (9358791),DeAngelo Williams,9358791,3000,PIT@CLE 01:00PM ET,PIT,
,,,,,,,,,,WR,Darrius Heyward-Bey (9358844),Darrius Heyward-Bey,9358844,3000,PIT@CLE 01:00PM ET,PIT,
,,,,,,,,,,WR,Josh Boyce (9359084),Josh Boyce,9359084,3000,PIT@CLE 01:00PM ET,CLE,
,,,,,,,,,,RB,Knile Davis (9359088),Knile Davis,9359088,3000,PIT@CLE 01:00PM ET,PIT,
,,,,,,,,,,WR,Cobi Hamilton (9359167),Cobi Hamilton,9359167,3000,PIT@CLE 01:00PM ET,PIT,
,,,,,,,,,,RB,Roosevelt Nix (9359225),Roosevelt Nix,9359225,3000,PIT@CLE 01:00PM ET,PIT,
,,,,,,,,,,WR,Jordan Leslie (9359261),Jordan Leslie,9359261,3000,PIT@CLE 01:00PM ET,CLE,
,,,,,,,,,,RB,Terrence Magee (9359356),Terrence Magee,9359356,3000,PIT@CLE 01:00PM ET,CLE,
,,,,,,,,,,RB,Brandon Wilds (9359461),Brandon Wilds,9359461,3000,PIT@CLE 01:00PM ET,CLE,
,,,,,,,,,,WR,Richard Mullaney (9359533),Richard Mullaney,9359533,3000,PIT@CLE 01:00PM ET,CLE,
,,,,,,,,,,WR,Kasen Williams (9359537),Kasen Williams,9359537,3000,PIT@CLE 01:00PM ET,CLE,
,,,,,,,,,,WR,Rannell Hall (9359559),Rannell Hall,9359559,3000,PIT@CLE 01:00PM ET,CLE,
,,,,,,,,,,RB,Terrell Watson (9359577),Terrell Watson,9359577,3000,PIT@CLE 01:00PM ET,PIT,
,,,,,,,,,,TE,Jesse James (9359615),Jesse James,9359615,3000,PIT@CLE 01:00PM ET,PIT,
,,,,,,,,,,RB,Trey Williams (9359663),Trey Williams,9359663,3000,PIT@CLE 01:00PM ET,PIT,
,,,,,,,,,,WR,Jordan Payton (9359677),Jordan Payton,9359677,3000,PIT@CLE 01:00PM ET,CLE,
,,,,,,,,,,WR,Justin Thomas (9359699),Justin Thomas,9359699,3000,PIT@CLE 01:00PM ET,PIT,
,,,,,,,,,,RB,Danny Vitale (9359712),Danny Vitale,9359712,3000,PIT@CLE 01:00PM ET,CLE,
,,,,,,,,,,WR,Ricardo Louis (9359748),Ricardo Louis,9359748,3000,PIT@CLE 01:00PM ET,CLE,
,,,,,,,,,,WR,Reggie Davis (9359920),Reggie Davis,9359920,3000,PIT@CLE 01:00PM ET,CLE,
,,,,,,,,,,WR,Demarcus Ayers (9359935),Demarcus Ayers,9359935,3000,PIT@CLE 01:00PM ET,PIT,
,,,,,,,,,,WR,Rashard Higgins (9359943),Rashard Higgins,9359943,3000,PIT@CLE 01:00PM ET,CLE,
,,,,,,,,,,RB,Matthew Dayes (9359955),Matthew Dayes,9359955,3000,PIT@CLE 01:00PM ET,CLE,
,,,,,,,,,,WR,Mario Alford (9360008),Mario Alford,9360008,3000,PIT@CLE 01:00PM ET,CLE,
,,,,,,,,,,WR,Rasheed Bailey (9360156),Rasheed Bailey,9360156,3000,PIT@CLE 01:00PM ET,CLE,
,,,,,,,,,,RB,Brandon Brown-Dukes (9360182),Brandon Brown-Dukes,9360182,3000,PIT@CLE 01:00PM ET,PIT,
,,,,,,,,,,WR,Marcus Tucker (9360184),Marcus Tucker,9360184,3000,PIT@CLE 01:00PM ET,PIT,
,,,,,,,,,,WR,Jeremy Ross (9358896),Jeremy Ross,9358896,3000,ARI@DET 01:00PM ET,ARI,
,,,,,,,,,,RB,Matt Asiata (9358928),Matt Asiata,9358928,3000,ARI@DET 01:00PM ET,DET,
,,,,,,,,,,WR,Keshawn Martin (9359048),Keshawn Martin,9359048,3000,ARI@DET 01:00PM ET,DET,
,,,,,,,,,,RB,Mike James (9359090),Mike James,9359090,3000,ARI@DET 01:00PM ET,DET,
,,,,,,,,,,WR,Ryan Spadola (9359108),Ryan Spadola,9359108,3000,ARI@DET 01:00PM ET,DET,
,,,,,,,,,,WR,Jared Abbrederis (9359160),Jared Abbrederis,9359160,3000,ARI@DET 01:00PM ET,DET,
,,,,,,,,,,WR,Aaron Dobson (9359174),Aaron Dobson,9359174,3000,ARI@DET 01:00PM ET,ARI,
,,,,,,,,,,WR,TJ Jones (9359219),TJ Jones,9359219,3000,ARI@DET 01:00PM ET,DET,
,,,,,,,,,,RB,Elijhaa Penny (9359504),Elijhaa Penny,9359504,3000,ARI@DET 01:00PM ET,ARI,
,,,,,,,,,,WR,Brittan Golden (9359586),Brittan Golden,9359586,3000,ARI@DET 01:00PM ET,ARI,
,,,,,,,,,,RB,Tion Green (9359605),Tion Green,9359605,3000,ARI@DET 01:00PM ET,DET,
,,,,,,,,,,WR,Michael Rector (9359673),Michael Rector,9359673,3000,ARI@DET 01:00PM ET,DET,
,,,,,,,,,,WR,Dontez Ford (9359718),Dontez Ford,9359718,3000,ARI@DET 01:00PM ET,DET,
,,,,,,,,,,WR,Carlton Agudosi (9359808),Carlton Agudosi,9359808,3000,ARI@DET 01:00PM ET,ARI,
,,,,,,,,,,WR,Chris Hubert (9359842),Chris Hubert,9359842,3000,ARI@DET 01:00PM ET,ARI,
,,,,,,,,,,RB,T.J. Logan (9359879),T.J. Logan,9359879,3000,ARI@DET 01:00PM ET,ARI,
,,,,,,,,,,WR,Noel Thomas (9359893),Noel Thomas,9359893,3000,ARI@DET 01:00PM ET,DET,
,,,,,,,,,,WR,Jace Billingsley (9360057),Jace Billingsley,9360057,3000,ARI@DET 01:00PM ET,DET,
,,,,,,,,,,WR,Chad Williams (9360072),Chad Williams,9360072,3000,ARI@DET 01:00PM ET,ARI,
,,,,,,,,,,RB,James Summers (9360172),James Summers,9360172,3000,ARI@DET 01:00PM ET,ARI,
,,,,,,,,,,WR,Krishawn Hogan (9360198),Krishawn Hogan,9360198,3000,ARI@DET 01:00PM ET,ARI,
,,,,,,,,,,WR,Dez Stewart (9360254),Dez Stewart,9360254,3000,ARI@DET 01:00PM ET,DET,
,,,,,,,,,,WR,Arrelious Benn (9358921),Arrelious Benn,9358921,3000,JAX@HOU 01:00PM ET,JAX,
,,,,,,,,,,RB,Jordan Todman (9359057),Jordan Todman,9359057,3000,JAX@HOU 01:00PM ET,HOU,
,,,,,,,,,,RB,Tommy Bohanon (9359093),Tommy Bohanon,9359093,3000,JAX@HOU 01:00PM ET,JAX,
,,,,,,,,,,RB,Tyler Gaffney (9359112),Tyler Gaffney,9359112,3000,JAX@HOU 01:00PM ET,JAX,
,,,,,,,,,,WR,Devin Street (9359164),Devin Street,9359164,3000,JAX@HOU 01:00PM ET,HOU,
,,,,,,,,,,RB,Jay Prosch (9359209),Jay Prosch,9359209,3000,JAX@HOU 01:00PM ET,HOU,
,,,,,,,,,,WR,Dres Anderson (9359213),Dres Anderson,9359213,3000,JAX@HOU 01:00PM ET,HOU,
,,,,,,,,,,WR,Larry Pinkard (9359259),Larry Pinkard,9359259,3000,JAX@HOU 01:00PM ET,JAX,
,,,,,,,,,,RB,Corey Grant (9359289),Corey Grant,9359289,3000,JAX@HOU 01:00PM ET,JAX,
,,,,,,,,,,WR,DeAndrew White (9359293),DeAndrew White,9359293,3000,JAX@HOU 01:00PM ET,HOU,
,,,,,,,,,,RB,Tyler Ervin (9359440),Tyler Ervin,9359440,3000,JAX@HOU 01:00PM ET,HOU,
,,,,,,,,,,WR,Jamal Robinson (9359446),Jamal Robinson,9359446,3000,JAX@HOU 01:00PM ET,JAX,
,,,,,,,,,,WR,Rashad Greene Sr. (9359475),Rashad Greene Sr.,9359475,3000,JAX@HOU 01:00PM ET,JAX,
,,,,,,,,,,WR,Marcus Leak (9359479),Marcus Leak,9359479,3000,JAX@HOU 01:00PM ET,HOU,
,,,,,,,,,,RB,Akeem Hunt (9359498),Akeem Hunt,9359498,3000,JAX@HOU 01:00PM ET,HOU,
,,,,,,,,,,WR,Shane Wynn (9359553),Shane Wynn,9359553,3000,JAX@HOU 01:00PM ET,JAX,
,,,,,,,,,,WR,Kenneth Walker III (9359681),Kenneth Walker III,9359681,3000,JAX@HOU 01:00PM ET,JAX,
,,,,,,,,,,WR,Justin Hardee (9359707),Justin Hardee,9359707,3000,JAX@HOU 01:00PM ET,HOU,
,,,,,,,,,,RB,I'Tavius Mathers (9359777),I'Tavius Mathers,9359777,3000,JAX@HOU 01:00PM ET,JAX,
,,,,,,,,,,WR,Amba Etta-Tawo (9359795),Amba Etta-Tawo,9359795,3000,JAX@HOU 01:00PM ET,JAX,
,,,,,,,,,,WR,Riley McCarron (9359836),Riley McCarron,9359836,3000,JAX@HOU 01:00PM ET,HOU,
,,,,,,,,,,RB,Dare Ogunbowale (9359840),Dare Ogunbowale,9359840,3000,JAX@HOU 01:00PM ET,HOU,
,,,,,,,,,,WR,Andy Jones (9359846),Andy Jones,9359846,3000,JAX@HOU 01:00PM ET,HOU,
,,,,,,,,,,WR,Chris Thompson (9360018),Chris Thompson,9360018,3000,JAX@HOU 01:00PM ET,HOU,
,,,,,,,,,,RB,Marquez Williams (9360076),Marquez Williams,9360076,3000,JAX@HOU 01:00PM ET,JAX,
,,,,,,,,,,WR,Keelan Cole (9360078),Keelan Cole,9360078,3000,JAX@HOU 01:00PM ET,JAX,
,,,,,,,,,,WR,Dede Westbrook (9360148),Dede Westbrook,9360148,3000,JAX@HOU 01:00PM ET,JAX,
,,,,,,,,,,RB,Tim Cook (9360168),Tim Cook,9360168,3000,JAX@HOU 01:00PM ET,JAX,
,,,,,,,,,,WR,Wendall Williams (9360180),Wendall Williams,9360180,3000,JAX@HOU 01:00PM ET,HOU,
,,,,,,,,,,RB,DuJuan Harris (9360207),DuJuan Harris,9360207,3000,JAX@HOU 01:00PM ET,JAX,
,,,,,,,,,,RB,Jonathan Grimes (9360209),Jonathan Grimes,9360209,3000,JAX@HOU 01:00PM ET,JAX,
,,,,,,,,,,WR,Bruce Ellington (9360222),Bruce Ellington,9360222,3000,JAX@HOU 01:00PM ET,HOU,
,,,,,,,,,,WR,Germone Hopper (9360232),Germone Hopper,9360232,3000,JAX@HOU 01:00PM ET,HOU,
,,,,,,,,,,WR,Vincent Jackson (9358797),Vincent Jackson,9358797,3000,TB@MIA 01:00PM ET,TB,
,,,,,,,,,,RB,Austin Johnson (9358998),Austin Johnson,9358998,3000,TB@MIA 01:00PM ET,TB,
,,,,,,,,,,WR,Mitch Mathews (9359131),Mitch Mathews,9359131,3000,TB@MIA 01:00PM ET,MIA,
,,,,,,,,,,RB,Storm Johnson (9359195),Storm Johnson,9359195,3000,TB@MIA 01:00PM ET,MIA,
,,,,,,,,,,RB,Senorise Perry (9359257),Senorise Perry,9359257,3000,TB@MIA 01:00PM ET,MIA,
,,,,,,,,,,WR,Josh Huff (9359275),Josh Huff,9359275,3000,TB@MIA 01:00PM ET,TB,
,,,,,,,,,,RB,Blake Sims (9359291),Blake Sims,9359291,3000,TB@MIA 01:00PM ET,TB,
,,,,,,,,,,WR,Bernard Reedy (9359320),Bernard Reedy,9359320,3000,TB@MIA 01:00PM ET,TB,
,,,,,,,,,,WR,Freddie Martino (9359335),Freddie Martino,9359335,3000,TB@MIA 01:00PM ET,TB,
,,,,,,,,,,WR,Shaq Hill (9359394),Shaq Hill,9359394,3000,TB@MIA 01:00PM ET,TB,
,,,,,,,,,,WR,Rashawn Scott (9359408),Rashawn Scott,9359408,3000,TB@MIA 01:00PM ET,MIA,
,,,,,,,,,,WR,Jakeem Grant (9359469),Jakeem Grant,9359469,3000,TB@MIA 01:00PM ET,MIA,
,,,,,,,,,,WR,Jordan Westerkamp (9359611),Jordan Westerkamp,9359611,3000,TB@MIA 01:00PM ET,MIA,
,,,,,,,,,,WR,Derel Walker (9359631),Derel Walker,9359631,3000,TB@MIA 01:00PM ET,TB,
,,,,,,,,,,RB,Russell Hansbrough (9359653),Russell Hansbrough,9359653,3000,TB@MIA 01:00PM ET,TB,
,,,,,,,,,,WR,Malcolm Lewis (9359703),Malcolm Lewis,9359703,3000,TB@MIA 01:00PM ET,MIA,
,,,,,,,,,,RB,Quayvon Hicks (9359773),Quayvon Hicks,9359773,3000,TB@MIA 01:00PM ET,TB,
,,,,,,,,,,WR,Leonte Carroo (9359810),Leonte Carroo,9359810,3000,TB@MIA 01:00PM ET,MIA,
,,,,,,,,,,TE,O.J. Howard (9359903),O.J. Howard,9359903,3000,TB@MIA 01:00PM ET,TB,
,,,,,,,,,,WR,Francis Owusu (9359926),Francis Owusu,9359926,3000,TB@MIA 01:00PM ET,MIA,
,,,,,,,,,,RB,De'Veon Smith (9359932),De'Veon Smith,9359932,3000,TB@MIA 01:00PM ET,MIA,
,,,,,,,,,,WR,Bobo Wilson (9359953),Bobo Wilson,9359953,3000,TB@MIA 01:00PM ET,TB,
,,,,,,,,,,WR,Drew Morgan (9359975),Drew Morgan,9359975,3000,TB@MIA 01:00PM ET,MIA,
,,,,,,,,,,RB,Peyton Barber (9359977),Peyton Barber,9359977,3000,TB@MIA 01:00PM ET,TB,
,,,,,,,,,,WR,Chris Godwin (9360117),Chris Godwin,9360117,3000,TB@MIA 01:00PM ET,TB,
,,,,,,,,,,WR,Isaiah Ford (9360125),Isaiah Ford,9360125,3000,TB@MIA 01:00PM ET,MIA,
,,,,,,,,,,WR,Donteea Dye (9360160),Donteea Dye,9360160,3000,TB@MIA 01:00PM ET,TB,
,,,,,,,,,,WR,Rashad Lawrence (9360216),Rashad Lawrence,9360216,3000,TB@MIA 01:00PM ET,MIA,
,,,,,,,,,,WR,Trey Griffey (9360230),Trey Griffey,9360230,3000,TB@MIA 01:00PM ET,MIA,
,,,,,,,,,,WR,Harry Douglas (9358803),Harry Douglas,9358803,3000,OAK@TEN 01:00PM ET,TEN,
,,,,,,,,,,WR,Eric Weems (9358809),Eric Weems,9358809,3000,OAK@TEN 01:00PM ET,TEN,
,,,,,,,,,,RB,Jalston Fowler (9359215),Jalston Fowler,9359215,3000,OAK@TEN 01:00PM ET,TEN,
,,,,,,,,,,WR,Jonathan Krause (9359271),Jonathan Krause,9359271,3000,OAK@TEN 01:00PM ET,TEN,
,,,,,,,,,,RB,David Fluellen (9359318),David Fluellen,9359318,3000,OAK@TEN 01:00PM ET,TEN,
,,,,,,,,,,RB,Jamize Olawale (9359322),Jamize Olawale,9359322,3000,OAK@TEN 01:00PM ET,OAK,
,,,,,,,,,,WR,K.J. Brent (9359455),K.J. Brent,9359455,3000,OAK@TEN 01:00PM ET,OAK,
,,,,,,,,,,WR,Darius Jennings (9359487),Darius Jennings,9359487,3000,OAK@TEN 01:00PM ET,TEN,
,,,,,,,,,,RB,George Atkinson III (9359563),George Atkinson III,9359563,3000,OAK@TEN 01:00PM ET,OAK,
,,,,,,,,,,WR,KeVonn Mabon (9359618),KeVonn Mabon,9359618,3000,OAK@TEN 01:00PM ET,TEN,
,,,,,,,,,,WR,Cordarrelle Patterson (9359659),Cordarrelle Patterson,9359659,3000,OAK@TEN 01:00PM ET,OAK,
,,,,,,,,,,RB,Brandon Radcliff (9359716),Brandon Radcliff,9359716,3000,OAK@TEN 01:00PM ET,TEN,
,,,,,,,,,,WR,Keon Hatcher (9359740),Keon Hatcher,9359740,3000,OAK@TEN 01:00PM ET,OAK,
,,,,,,,,,,WR,Mekale McKay (9359742),Mekale McKay,9359742,3000,OAK@TEN 01:00PM ET,TEN,
,,,,,,,,,,RB,Joe Bacci (9359760),Joe Bacci,9359760,3000,OAK@TEN 01:00PM ET,TEN,
,,,,,,,,,,WR,Jaydon Mickens (9359783),Jaydon Mickens,9359783,3000,OAK@TEN 01:00PM ET,OAK,
,,,,,,,,,,RB,John Crockett (9359850),John Crockett,9359850,3000,OAK@TEN 01:00PM ET,OAK,
,,,,,,,,,,RB,Khalfani Muhammad (9359995),Khalfani Muhammad,9359995,3000,OAK@TEN 01:00PM ET,TEN,
,,,,,,,,,,WR,Johnny Holton (9360022),Johnny Holton,9360022,3000,OAK@TEN 01:00PM ET,OAK,
,,,,,,,,,,WR,Giovanni Pascascio (9360108),Giovanni Pascascio,9360108,3000,OAK@TEN 01:00PM ET,TEN,
,,,,,,,,,,RB,Akeem Judd (9360131),Akeem Judd,9360131,3000,OAK@TEN 01:00PM ET,TEN,
,,,,,,,,,,WR,Ishmael Zamora (9360135),Ishmael Zamora,9360135,3000,OAK@TEN 01:00PM ET,OAK,
,,,,,,,,,,WR,Isaac Whitney (9360146),Isaac Whitney,9360146,3000,OAK@TEN 01:00PM ET,OAK,
,,,,,,,,,,DST,Redskins  (9358759),Redskins ,9358759,3000,PHI@WAS 01:00PM ET,WAS,
,,,,,,,,,,TE,Vernon Davis (9358784),Vernon Davis,9358784,3000,PHI@WAS 01:00PM ET,WAS,
,,,,,,,,,,RB,Mack Brown (9359295),Mack Brown,9359295,3000,PHI@WAS 01:00PM ET,WAS,
,,,,,,,,,,RB,Kenny Hilliard (9359350),Kenny Hilliard,9359350,3000,PHI@WAS 01:00PM ET,WAS,
,,,,,,,,,,WR,Paul Turner (9359358),Paul Turner,9359358,3000,PHI@WAS 01:00PM ET,PHI,
,,,,,,,,,,WR,Kendal Thompson (9359377),Kendal Thompson,9359377,3000,PHI@WAS 01:00PM ET,WAS,
,,,,,,,,,,WR,David Watford (9359410),David Watford,9359410,3000,PHI@WAS 01:00PM ET,PHI,
,,,,,,,,,,WR,Maurice Harris (9359524),Maurice Harris,9359524,3000,PHI@WAS 01:00PM ET,WAS,
,,,,,,,,,,WR,Levern Jacobs (9359601),Levern Jacobs,9359601,3000,PHI@WAS 01:00PM ET,WAS,
,,,,,,,,,,WR,Zach Pascal (9359637),Zach Pascal,9359637,3000,PHI@WAS 01:00PM ET,WAS,
,,,,,,,,,,RB,Byron Marshall (9359651),Byron Marshall,9359651,3000,PHI@WAS 01:00PM ET,PHI,
,,,,,,,,,,WR,Bryce Treggs (9359671),Bryce Treggs,9359671,3000,PHI@WAS 01:00PM ET,PHI,
,,,,,,,,,,WR,Marcus Johnson (9359694),Marcus Johnson,9359694,3000,PHI@WAS 01:00PM ET,PHI,
,,,,,,,,,,WR,Mack Hollins (9359834),Mack Hollins,9359834,3000,PHI@WAS 01:00PM ET,PHI,
,,,,,,,,,,WR,Shelton Gibson (9359928),Shelton Gibson,9359928,3000,PHI@WAS 01:00PM ET,PHI,
,,,,,,,,,,WR,Greg Ward Jr. (9359937),Greg Ward Jr.,9359937,3000,PHI@WAS 01:00PM ET,PHI,
,,,,,,,,,,WR,James Quick (9359947),James Quick,9359947,3000,PHI@WAS 01:00PM ET,WAS,
,,,,,,,,,,RB,Corey Clement (9359963),Corey Clement,9359963,3000,PHI@WAS 01:00PM ET,PHI,
,,,,,,,,,,WR,Robert Davis (9359971),Robert Davis,9359971,3000,PHI@WAS 01:00PM ET,WAS,
,,,,,,,,,,WR,Rashard Davis (9360244),Rashard Davis,9360244,3000,PHI@WAS 01:00PM ET,PHI,
,,,,,,,,,,WR,Jamari Staples (9360246),Jamari Staples,9360246,3000,PHI@WAS 01:00PM ET,WAS,
,,,,,,,,,,RB,Lance Dunbar (9359072),Lance Dunbar,9359072,3000,IND@LAR 04:05PM ET,LAR,
,,,,,,,,,,RB,Christine Michael (9359152),Christine Michael,9359152,3000,IND@LAR 04:05PM ET,IND,
,,,,,,,,,,WR,Matt Hazel (9359299),Matt Hazel,9359299,3000,IND@LAR 04:05PM ET,IND,
,,,,,,,,,,RB,Aaron Green (9359365),Aaron Green,9359365,3000,IND@LAR 04:05PM ET,LAR,
,,,,,,,,,,WR,Quan Bray (9359386),Quan Bray,9359386,3000,IND@LAR 04:05PM ET,IND,
,,,,,,,,,,WR,Chris Briggs (9359442),Chris Briggs,9359442,3000,IND@LAR 04:05PM ET,IND,
,,,,,,,,,,RB,Josh Ferguson (9359489),Josh Ferguson,9359489,3000,IND@LAR 04:05PM ET,IND,
,,,,,,,,,,WR,Nelson Spruce (9359528),Nelson Spruce,9359528,3000,IND@LAR 04:05PM ET,LAR,
,,,,,,,,,,RB,Dalton Crossan (9359635),Dalton Crossan,9359635,3000,IND@LAR 04:05PM ET,IND,
,,,,,,,,,,WR,Fred Brown (9359645),Fred Brown,9359645,3000,IND@LAR 04:05PM ET,IND,
,,,,,,,,,,WR,Tevaun Smith (9359710),Tevaun Smith,9359710,3000,IND@LAR 04:05PM ET,IND,
,,,,,,,,,,WR,Paul McRoberts (9359714),Paul McRoberts,9359714,3000,IND@LAR 04:05PM ET,LAR,
,,,,,,,,,,WR,Brandon Shippen (9359722),Brandon Shippen,9359722,3000,IND@LAR 04:05PM ET,LAR,
,,,,,,,,,,WR,JoJo Natson Jr. (9359734),JoJo Natson Jr.,9359734,3000,IND@LAR 04:05PM ET,IND,
,,,,,,,,,,RB,Matt Jones (9359767),Matt Jones,9359767,3000,IND@LAR 04:05PM ET,IND,
,,,,,,,,,,RB,Lenard Tillery (9359828),Lenard Tillery,9359828,3000,IND@LAR 04:05PM ET,LAR,
,,,,,,,,,,RB,Troymaine Pope (9359830),Troymaine Pope,9359830,3000,IND@LAR 04:05PM ET,IND,
,,,,,,,,,,WR,Chester Rogers (9359838),Chester Rogers,9359838,3000,IND@LAR 04:05PM ET,IND,
,,,,,,,,,,RB,Justin Davis (9359863),Justin Davis,9359863,3000,IND@LAR 04:05PM ET,LAR,
,,,,,,,,,,WR,Bug Howard (9359877),Bug Howard,9359877,3000,IND@LAR 04:05PM ET,IND,
,,,,,,,,,,RB,Sam Rogers (9359961),Sam Rogers,9359961,3000,IND@LAR 04:05PM ET,LAR,
,,,,,,,,,,RB,De'Mard Llorens (9359997),De'Mard Llorens,9359997,3000,IND@LAR 04:05PM ET,IND,
,,,,,,,,,,WR,Shakeir Ryan (9359999),Shakeir Ryan,9359999,3000,IND@LAR 04:05PM ET,LAR,
,,,,,,,,,,WR,Josh Reynolds (9360097),Josh Reynolds,9360097,3000,IND@LAR 04:05PM ET,LAR,
,,,,,,,,,,WR,Mike Thomas (9360115),Mike Thomas,9360115,3000,IND@LAR 04:05PM ET,LAR,
,,,,,,,,,,WR,Harvey Binford (9360127),Harvey Binford,9360127,3000,IND@LAR 04:05PM ET,IND,
,,,,,,,,,,WR,K.D. Cannon (9360133),K.D. Cannon,9360133,3000,IND@LAR 04:05PM ET,LAR,
,,,,,,,,,,WR,Valdez Showers (9360224),Valdez Showers,9360224,3000,IND@LAR 04:05PM ET,IND,
,,,,,,,,,,RB,Daryl Richardson (9360226),Daryl Richardson,9360226,3000,IND@LAR 04:05PM ET,IND,
,,,,,,,,,,WR,Marvin Bracy (9360234),Marvin Bracy,9360234,3000,IND@LAR 04:05PM ET,IND,
,,,,,,,,,,WR,Brian Riley (9360248),Brian Riley,9360248,3000,IND@LAR 04:05PM ET,IND,
,,,,,,,,,,WR,Justice Liggins (9360250),Justice Liggins,9360250,3000,IND@LAR 04:05PM ET,IND,
,,,,,,,,,,RB,Marcel Reece (9358883),Marcel Reece,9358883,3000,SEA@GB 04:25PM ET,SEA,
,,,,,,,,,,WR,Jamel Johnson (9359229),Jamel Johnson,9359229,3000,SEA@GB 04:25PM ET,SEA,
,,,,,,,,,,RB,Tre Madden (9359421),Tre Madden,9359421,3000,SEA@GB 04:25PM ET,SEA,
,,,,,,,,,,WR,Tanner McEvoy (9359459),Tanner McEvoy,9359459,3000,SEA@GB 04:25PM ET,SEA,
,,,,,,,,,,RB,Aaron Ripkowski (9359465),Aaron Ripkowski,9359465,3000,SEA@GB 04:25PM ET,GB,
,,,,,,,,,,RB,Joe Kerridge (9359493),Joe Kerridge,9359493,3000,SEA@GB 04:25PM ET,GB,
,,,,,,,,,,RB,J.D. McKissic (9359543),J.D. McKissic,9359543,3000,SEA@GB 04:25PM ET,SEA,
,,,,,,,,,,WR,Trevor Davis (9359584),Trevor Davis,9359584,3000,SEA@GB 04:25PM ET,GB,
,,,,,,,,,,WR,Kenny Lawler Jr. (9359667),Kenny Lawler Jr.,9359667,3000,SEA@GB 04:25PM ET,SEA,
,,,,,,,,,,WR,Darreus Rogers (9359685),Darreus Rogers,9359685,3000,SEA@GB 04:25PM ET,SEA,
,,,,,,,,,,WR,Max McCaffrey (9359696),Max McCaffrey,9359696,3000,SEA@GB 04:25PM ET,GB,
,,,,,,,,,,RB,Mike Davis (9359754),Mike Davis,9359754,3000,SEA@GB 04:25PM ET,SEA,
,,,,,,,,,,WR,Amara Darboh (9359802),Amara Darboh,9359802,3000,SEA@GB 04:25PM ET,SEA,
,,,,,,,,,,WR,Montay Crockett (9359814),Montay Crockett,9359814,3000,SEA@GB 04:25PM ET,GB,
,,,,,,,,,,RB,Alex Collins (9359973),Alex Collins,9359973,3000,SEA@GB 04:25PM ET,SEA,
,,,,,,,,,,RB,William Stanback (9359989),William Stanback,9359989,3000,SEA@GB 04:25PM ET,GB,
,,,,,,,,,,WR,DeAngelo Yancey (9360020),DeAngelo Yancey,9360020,3000,SEA@GB 04:25PM ET,GB,
,,,,,,,,,,WR,Colby Pearson (9360047),Colby Pearson,9360047,3000,SEA@GB 04:25PM ET,GB,
,,,,,,,,,,RB,Kalif Phillips (9360069),Kalif Phillips,9360069,3000,SEA@GB 04:25PM ET,GB,
,,,,,,,,,,WR,Geronimo Allison (9360089),Geronimo Allison,9360089,3000,SEA@GB 04:25PM ET,GB,
,,,,,,,,,,WR,Malachi Dupre (9360093),Malachi Dupre,9360093,3000,SEA@GB 04:25PM ET,GB,
,,,,,,,,,,RB,Chris Carson (9360166),Chris Carson,9360166,3000,SEA@GB 04:25PM ET,SEA,
,,,,,,,,,,WR,Michael Clark (9360170),Michael Clark,9360170,3000,SEA@GB 04:25PM ET,GB,
,,,,,,,,,,WR,Cyril Grayson (9360188),Cyril Grayson,9360188,3000,SEA@GB 04:25PM ET,SEA,
,,,,,,,,,,WR,David Moore (9360194),David Moore,9360194,3000,SEA@GB 04:25PM ET,SEA,
,,,,,,,,,,WR,Rodney Smith (9360211),Rodney Smith,9360211,3000,SEA@GB 04:25PM ET,SEA,
,,,,,,,,,,RB,Darrel Young (9358852),Darrel Young,9358852,3000,CAR@SF 04:25PM ET,CAR,
,,,,,,,,,,WR,Louis Murphy (9358860),Louis Murphy,9358860,3000,CAR@SF 04:25PM ET,SF,
,,,,,,,,,,WR,Brenton Bersin (9359026),Brenton Bersin,9359026,3000,CAR@SF 04:25PM ET,CAR,
,,,,,,,,,,WR,Trevor Graham (9359046),Trevor Graham,9359046,3000,CAR@SF 04:25PM ET,CAR,
,,,,,,,,,,RB,Kyle Juszczyk (9359106),Kyle Juszczyk,9359106,3000,CAR@SF 04:25PM ET,SF,
,,,,,,,,,,RB,Kapri Bibbs (9359369),Kapri Bibbs,9359369,3000,CAR@SF 04:25PM ET,SF,
,,,,,,,,,,WR,Damiere Byrd (9359457),Damiere Byrd,9359457,3000,CAR@SF 04:25PM ET,CAR,
,,,,,,,,,,RB,Raheem Mostert (9359500),Raheem Mostert,9359500,3000,CAR@SF 04:25PM ET,SF,
,,,,,,,,,,WR,Keyarris Garrett (9359512),Keyarris Garrett,9359512,3000,CAR@SF 04:25PM ET,CAR,
,,,,,,,,,,RB,Jalen Simmons (9359549),Jalen Simmons,9359549,3000,CAR@SF 04:25PM ET,CAR,
,,,,,,,,,,WR,DeAndre Carter (9359575),DeAndre Carter,9359575,3000,CAR@SF 04:25PM ET,SF,
,,,,,,,,,,WR,Mose Frazier (9359582),Mose Frazier,9359582,3000,CAR@SF 04:25PM ET,CAR,
,,,,,,,,,,WR,Aaron Burbridge (9359806),Aaron Burbridge,9359806,3000,CAR@SF 04:25PM ET,SF,
,,,,,,,,,,RB,Cameron Artis-Payne (9359858),Cameron Artis-Payne,9359858,3000,CAR@SF 04:25PM ET,CAR,
,,,,,,,,,,WR,Trent Taylor (9359918),Trent Taylor,9359918,3000,CAR@SF 04:25PM ET,SF,
,,,,,,,,,,RB,Tyler McCloskey (9359945),Tyler McCloskey,9359945,3000,CAR@SF 04:25PM ET,SF,
,,,,,,,,,,WR,Fred Ross Jr. (9359949),Fred Ross Jr.,9359949,3000,CAR@SF 04:25PM ET,CAR,
,,,,,,,,,,WR,DeAndre Smelter (9360016),DeAndre Smelter,9360016,3000,CAR@SF 04:25PM ET,SF,
,,,,,,,,,,WR,Austin Duke (9360029),Austin Duke,9360029,3000,CAR@SF 04:25PM ET,CAR,
,,,,,,,,,,WR,Victor Bolden Jr. (9360033),Victor Bolden Jr.,9360033,3000,CAR@SF 04:25PM ET,SF,
,,,,,,,,,,RB,Matt Breida (9360041),Matt Breida,9360041,3000,CAR@SF 04:25PM ET,SF,
,,,,,,,,,,WR,Kendrick Bourne (9360061),Kendrick Bourne,9360061,3000,CAR@SF 04:25PM ET,SF,
,,,,,,,,,,WR,Tim Patrick (9360137),Tim Patrick,9360137,3000,CAR@SF 04:25PM ET,SF,
,,,,,,,,,,RB,Alex Armah (9360192),Alex Armah,9360192,3000,CAR@SF 04:25PM ET,CAR,
,,,,,,,,,,RB,Rashad Jennings (9358837),Rashad Jennings,9358837,3000,NYG@DAL 08:30PM ET,NYG,
,,,,,,,,,,RB,Shaun Draughn (9358880),Shaun Draughn,9358880,3000,NYG@DAL 08:30PM ET,NYG,
,,,,,,,,,,WR,Dwayne Harris (9358885),Dwayne Harris,9358885,3000,NYG@DAL 08:30PM ET,NYG,
,,,,,,,,,,WR,Brice Butler (9359013),Brice Butler,9359013,3000,NYG@DAL 08:30PM ET,DAL,
,,,,,,,,,,WR,Kevin Norwood (9359140),Kevin Norwood,9359140,3000,NYG@DAL 08:30PM ET,NYG,
,,,,,,,,,,WR,Uzoma Nwachukwu (9359154),Uzoma Nwachukwu,9359154,3000,NYG@DAL 08:30PM ET,DAL,
,,,,,,,,,,RB,Ronnie Hillman (9359171),Ronnie Hillman,9359171,3000,NYG@DAL 08:30PM ET,DAL,
,,,,,,,,,,WR,Javontee Herndon (9359269),Javontee Herndon,9359269,3000,NYG@DAL 08:30PM ET,DAL,
,,,,,,,,,,RB,Keith Smith (9359316),Keith Smith,9359316,3000,NYG@DAL 08:30PM ET,DAL,
,,,,,,,,,,RB,Jacob Huesman (9359561),Jacob Huesman,9359561,3000,NYG@DAL 08:30PM ET,NYG,
,,,,,,,,,,WR,Darius Powe (9359669),Darius Powe,9359669,3000,NYG@DAL 08:30PM ET,NYG,
,,,,,,,,,,WR,Marquis Bundy (9359728),Marquis Bundy,9359728,3000,NYG@DAL 08:30PM ET,NYG,
,,,,,,,,,,RB,Shane Smith (9359732),Shane Smith,9359732,3000,NYG@DAL 08:30PM ET,NYG,
,,,,,,,,,,WR,Canaan Severin (9359750),Canaan Severin,9359750,3000,NYG@DAL 08:30PM ET,NYG,
,,,,,,,,,,WR,Ryan Switzer (9359881),Ryan Switzer,9359881,3000,NYG@DAL 08:30PM ET,DAL,
,,,,,,,,,,WR,Jerome Lane (9359969),Jerome Lane,9359969,3000,NYG@DAL 08:30PM ET,NYG,
,,,,,,,,,,WR,Keeon Johnson (9359985),Keeon Johnson,9359985,3000,NYG@DAL 08:30PM ET,NYG,
,,,,,,,,,,WR,Lance Lenoir (9360010),Lance Lenoir,9360010,3000,NYG@DAL 08:30PM ET,DAL,
,,,,,,,,,,WR,Karel Hamilton (9360013),Karel Hamilton,9360013,3000,NYG@DAL 08:30PM ET,DAL,
,,,,,,,,,,RB,Khalid Abdullah (9360043),Khalid Abdullah,9360043,3000,NYG@DAL 08:30PM ET,NYG,
,,,,,,,,,,WR,Brian Brown (9360053),Brian Brown,9360053,3000,NYG@DAL 08:30PM ET,DAL,
,,,,,,,,,,WR,Travis Rudolph (9360113),Travis Rudolph,9360113,3000,NYG@DAL 08:30PM ET,NYG,
,,,,,,,,,,WR,Noah Brown (9360123),Noah Brown,9360123,3000,NYG@DAL 08:30PM ET,DAL,
,,,,,,,,,,WR,C.J. Germany (9360174),C.J. Germany,9360174,3000,NYG@DAL 08:30PM ET,NYG,
,,,,,,,,,,WR,Kevin Snead (9360202),Kevin Snead,9360202,3000,NYG@DAL 08:30PM ET,NYG,
,,,,,,,,,,WR,Ed Eagan (9360238),Ed Eagan,9360238,3000,NYG@DAL 08:30PM ET,NYG,
,,,,,,,,,,RB,Terrell Newby (9358526),Terrell Newby,9358526,3000,NO@MIN 07:10PM ET,MIN,
,,,,,,,,,,RB,C.J. Ham (9358528),C.J. Ham,9358528,3000,NO@MIN 07:10PM ET,MIN,
,,,,,,,,,,RB,Bronson Hill (9358530),Bronson Hill,9358530,3000,NO@MIN 07:10PM ET,MIN,
,,,,,,,,,,WR,Jarius Wright (9358538),Jarius Wright,9358538,3000,NO@MIN 07:10PM ET,MIN,
,,,,,,,,,,WR,Michael Floyd (9358540),Michael Floyd,9358540,3000,NO@MIN 07:10PM ET,MIN,
,,,,,,,,,,WR,Moritz Bohringer (9358542),Moritz Bohringer,9358542,3000,NO@MIN 07:10PM ET,MIN,
,,,,,,,,,,WR,Rodney Adams (9358544),Rodney Adams,9358544,3000,NO@MIN 07:10PM ET,MIN,
,,,,,,,,,,WR,R.J. Shelton (9358546),R.J. Shelton,9358546,3000,NO@MIN 07:10PM ET,MIN,
,,,,,,,,,,WR,Stacy Coley (9358548),Stacy Coley,9358548,3000,NO@MIN 07:10PM ET,MIN,
,,,,,,,,,,WR,Isaac Fruechte (9358550),Isaac Fruechte,9358550,3000,NO@MIN 07:10PM ET,MIN,
,,,,,,,,,,WR,Cayleb Jones (9358552),Cayleb Jones,9358552,3000,NO@MIN 07:10PM ET,MIN,
,,,,,,,,,,RB,Zach Line (9358633),Zach Line,9358633,3000,NO@MIN 07:10PM ET,NO,
,,,,,,,,,,RB,Daniel Lasco II (9358635),Daniel Lasco II,9358635,3000,NO@MIN 07:10PM ET,NO,
,,,,,,,,,,RB,Travaris Cadet (9358637),Travaris Cadet,9358637,3000,NO@MIN 07:10PM ET,NO,
,,,,,,,,,,RB,John Kuhn (9358639),John Kuhn,9358639,3000,NO@MIN 07:10PM ET,NO,
,,,,,,,,,,RB,Trey Edmunds (9358641),Trey Edmunds,9358641,3000,NO@MIN 07:10PM ET,NO,
,,,,,,,,,,RB,Darius Victor (9358643),Darius Victor,9358643,3000,NO@MIN 07:10PM ET,NO,
,,,,,,,,,,WR,Jake Lampman (9358653),Jake Lampman,9358653,3000,NO@MIN 07:10PM ET,NO,
,,,,,,,,,,WR,De'Quan Hampton (9358655),De'Quan Hampton,9358655,3000,NO@MIN 07:10PM ET,NO,
,,,,,,,,,,WR,Dan Arnold (9358657),Dan Arnold,9358657,3000,NO@MIN 07:10PM ET,NO,
,,,,,,,,,,WR,Travin Dural (9358659),Travin Dural,9358659,3000,NO@MIN 07:10PM ET,NO,
,,,,,,,,,,WR,Tommylee Lewis (9358661),Tommylee Lewis,9358661,3000,NO@MIN 07:10PM ET,NO,
,,,,,,,,,,WR,Corey Fuller (9358663),Corey Fuller,9358663,3000,NO@MIN 07:10PM ET,NO,
,,,,,,,,,,RB,Stanley Williams (9358419),Stanley Williams,9358419,3000,LAC@DEN 10:20PM ET,DEN,
,,,,,,,,,,RB,Andy Janovich (9358421),Andy Janovich,9358421,3000,LAC@DEN 10:20PM ET,DEN,
,,,,,,,,,,RB,Juwan Thompson (9358423),Juwan Thompson,9358423,3000,LAC@DEN 10:20PM ET,DEN,
,,,,,,,,,,RB,Stevan Ridley (9358425),Stevan Ridley,9358425,3000,LAC@DEN 10:20PM ET,DEN,
,,,,,,,,,,WR,Jordan Taylor (9358431),Jordan Taylor,9358431,3000,LAC@DEN 10:20PM ET,DEN,
,,,,,,,,,,WR,Bennie Fowler (9358433),Bennie Fowler,9358433,3000,LAC@DEN 10:20PM ET,DEN,
,,,,,,,,,,WR,Marlon Brown (9358435),Marlon Brown,9358435,3000,LAC@DEN 10:20PM ET,DEN,
,,,,,,,,,,WR,Hunter Sharp (9358437),Hunter Sharp,9358437,3000,LAC@DEN 10:20PM ET,DEN,
,,,,,,,,,,WR,Isaiah McKenzie (9358439),Isaiah McKenzie,9358439,3000,LAC@DEN 10:20PM ET,DEN,
,,,,,,,,,,WR,Cody Latimer (9358441),Cody Latimer,9358441,3000,LAC@DEN 10:20PM ET,DEN,
,,,,,,,,,,WR,Anthony Nash (9358443),Anthony Nash,9358443,3000,LAC@DEN 10:20PM ET,DEN,
,,,,,,,,,,WR,Carlos Henderson (9358445),Carlos Henderson,9358445,3000,LAC@DEN 10:20PM ET,DEN,
,,,,,,,,,,RB,Kenneth Farrow (9358686),Kenneth Farrow,9358686,3000,LAC@DEN 10:20PM ET,LAC,
,,,,,,,,,,RB,Austin Ekeler (9358688),Austin Ekeler,9358688,3000,LAC@DEN 10:20PM ET,LAC,
,,,,,,,,,,RB,Derek Watt (9358690),Derek Watt,9358690,3000,LAC@DEN 10:20PM ET,LAC,
,,,,,,,,,,RB,Andre Williams (9358692),Andre Williams,9358692,3000,LAC@DEN 10:20PM ET,LAC,
,,,,,,,,,,RB,Kenjon Barner (9358694),Kenjon Barner,9358694,3000,LAC@DEN 10:20PM ET,LAC,
,,,,,,,,,,WR,Da'Ron Brown (9358706),Da'Ron Brown,9358706,3000,LAC@DEN 10:20PM ET,LAC,
,,,,,,,,,,WR,Geremy Davis (9358708),Geremy Davis,9358708,3000,LAC@DEN 10:20PM ET,LAC,
,,,,,,,,,,WR,Isaiah Burse (9358710),Isaiah Burse,9358710,3000,LAC@DEN 10:20PM ET,LAC,
,,,,,,,,,,WR,Jamaal Jones (9358712),Jamaal Jones,9358712,3000,LAC@DEN 10:20PM ET,LAC,
,,,,,,,,,,WR,Artavis Scott (9358714),Artavis Scott,9358714,3000,LAC@DEN 10:20PM ET,LAC,
,,,,,,,,,,WR,Andre Patton (9358716),Andre Patton,9358716,3000,LAC@DEN 10:20PM ET,LAC,
,,,,,,,,,,WR,Cameron Posey (9358718),Cameron Posey,9358718,3000,LAC@DEN 10:20PM ET,LAC,
,,,,,,,,,,WR,Mitchell Paige (9358720),Mitchell Paige,9358720,3000,LAC@DEN 10:20PM ET,LAC,
,,,,,,,,,,TE,Antonio Gates (9358724),Antonio Gates,9358724,3000,LAC@DEN 10:20PM ET,LAC,
,,,,,,,,,,DST,Chargers  (9358736),Chargers ,9358736,3000,LAC@DEN 10:20PM ET,LAC,
,,,,,,,,,,TE,Julius Thomas (9359233),Julius Thomas,9359233,2900,TB@MIA 01:00PM ET,MIA,
,,,,,,,,,,DST,Seahawks  (9358757),Seahawks ,9358757,2900,SEA@GB 04:25PM ET,SEA,
,,,,,,,,,,DST,Cowboys  (9358743),Cowboys ,9358743,2900,NYG@DAL 08:30PM ET,DAL,
,,,,,,,,,,TE,Evan Engram (9360027),Evan Engram,9360027,2900,NYG@DAL 08:30PM ET,NYG,
,,,,,,,,,,DST,Vikings  (9358568),Vikings ,9358568,2900,NO@MIN 07:10PM ET,MIN,
,,,,,,,,,,TE,Coby Fleener (9358665),Coby Fleener,9358665,2900,NO@MIN 07:10PM ET,NO,
,,,,,,,,,,TE,Zach Miller (9358811),Zach Miller,9358811,2800,ATL@CHI 01:00PM ET,CHI,
,,,,,,,,,,DST,Ravens  (9358762),Ravens ,9358762,2800,BAL@CIN 01:00PM ET,BAL,
,,,,,,,,,,TE,Benjamin Watson (9358817),Benjamin Watson,9358817,2800,BAL@CIN 01:00PM ET,BAL,
,,,,,,,,,,TE,Vance McDonald (9359086),Vance McDonald,9359086,2800,PIT@CLE 01:00PM ET,PIT,
,,,,,,,,,,DST,Cardinals  (9358754),Cardinals ,9358754,2800,ARI@DET 01:00PM ET,ARI,
,,,,,,,,,,DST,Dolphins  (9358750),Dolphins ,9358750,2800,TB@MIA 01:00PM ET,MIA,
,,,,,,,,,,TE,Dwayne Allen (9358614),Dwayne Allen,9358614,2700,KC@NE 08:30PM ET,NE,
,,,,,,,,,,TE,Austin Seferian-Jenkins (9359392),Austin Seferian-Jenkins,9359392,2700,NYJ@BUF 01:00PM ET,NYJ,
,,,,,,,,,,TE,David Njoku (9360111),David Njoku,9360111,2700,PIT@CLE 01:00PM ET,CLE,
,,,,,,,,,,TE,Jermaine Gresham (9358900),Jermaine Gresham,9358900,2700,ARI@DET 01:00PM ET,ARI,
,,,,,,,,,,TE,Ryan Griffin (9359059),Ryan Griffin,9359059,2700,JAX@HOU 01:00PM ET,HOU,
,,,,,,,,,,DST,Eagles  (9358753),Eagles ,9358753,2700,PHI@WAS 01:00PM ET,PHI,
,,,,,,,,,,DST,Colts  (9358747),Colts ,9358747,2700,IND@LAR 04:05PM ET,IND,
,,,,,,,,,,TE,Erik Swoope (9359231),Erik Swoope,9359231,2700,IND@LAR 04:05PM ET,IND,
,,,,,,,,,,TE,Richard Rodgers (9359526),Richard Rodgers,9359526,2700,SEA@GB 04:25PM ET,GB,
,,,,,,,,,,TE,Virgil Green (9358453),Virgil Green,9358453,2700,LAC@DEN 10:20PM ET,DEN,
,,,,,,,,,,TE,Will Tye (9359247),Will Tye,9359247,2600,NYJ@BUF 01:00PM ET,NYJ,
,,,,,,,,,,TE,Maxx Williams (9359607),Maxx Williams,9359607,2600,BAL@CIN 01:00PM ET,BAL,
,,,,,,,,,,DST,Lions  (9358744),Lions ,9358744,2600,ARI@DET 01:00PM ET,DET,
,,,,,,,,,,DST,Titans  (9358746),Titans ,9358746,2600,OAK@TEN 01:00PM ET,TEN,
,,,,,,,,,,TE,Tyler Higbee (9359448),Tyler Higbee,9359448,2600,IND@LAR 04:05PM ET,LAR,
,,,,,,,,,,TE,Garrett Celek (9358978),Garrett Celek,9358978,2600,CAR@SF 04:25PM ET,SF,
,,,,,,,,,,DST,Giants  (9358751),Giants ,9358751,2600,NYG@DAL 08:30PM ET,NYG,
,,,,,,,,,,TE,A.J. Derby (9358449),A.J. Derby,9358449,2600,LAC@DEN 10:20PM ET,DEN,
,,,,,,,,,,TE,Jake Butt (9358451),Jake Butt,9358451,2600,LAC@DEN 10:20PM ET,DEN,
,,,,,,,,,,TE,Ross Travis (9358504),Ross Travis,9358504,2500,KC@NE 08:30PM ET,KC,
,,,,,,,,,,TE,Demetrius Harris (9358506),Demetrius Harris,9358506,2500,KC@NE 08:30PM ET,KC,
,,,,,,,,,,TE,Orson Charles (9358508),Orson Charles,9358508,2500,KC@NE 08:30PM ET,KC,
,,,,,,,,,,TE,Gavin Escobar (9358510),Gavin Escobar,9358510,2500,KC@NE 08:30PM ET,KC,
,,,,,,,,,,TE,James Winchester (9358512),James Winchester,9358512,2500,KC@NE 08:30PM ET,KC,
,,,,,,,,,,TE,Jacob Hollister (9358618),Jacob Hollister,9358618,2500,KC@NE 08:30PM ET,NE,
,,,,,,,,,,TE,Sam Cotton (9358620),Sam Cotton,9358620,2500,KC@NE 08:30PM ET,NE,
,,,,,,,,,,TE,Chris Gragg (9359061),Chris Gragg,9359061,2500,NYJ@BUF 01:00PM ET,NYJ,
,,,,,,,,,,TE,Logan Thomas (9359129),Logan Thomas,9359129,2500,NYJ@BUF 01:00PM ET,BUF,
,,,,,,,,,,TE,Eric Tomlinson (9359263),Eric Tomlinson,9359263,2500,NYJ@BUF 01:00PM ET,NYJ,
,,,,,,,,,,TE,Nick O'Leary (9359477),Nick O'Leary,9359477,2500,NYJ@BUF 01:00PM ET,BUF,
,,,,,,,,,,TE,Wes Saxton (9359622),Wes Saxton,9359622,2500,NYJ@BUF 01:00PM ET,BUF,
,,,,,,,,,,TE,Jason Croom (9359655),Jason Croom,9359655,2500,NYJ@BUF 01:00PM ET,BUF,
,,,,,,,,,,TE,Jordan Leggett (9359914),Jordan Leggett,9359914,2500,NYJ@BUF 01:00PM ET,NYJ,
,,,,,,,,,,TE,Brandon Barnes (9360059),Brandon Barnes,9360059,2500,NYJ@BUF 01:00PM ET,NYJ,
,,,,,,,,,,TE,Jason Vander Laan (9360063),Jason Vander Laan,9360063,2500,NYJ@BUF 01:00PM ET,NYJ,
,,,,,,,,,,TE,Khari Lee (9360144),Khari Lee,9360144,2500,NYJ@BUF 01:00PM ET,BUF,
,,,,,,,,,,TE,Busta Anderson (9360220),Busta Anderson,9360220,2500,NYJ@BUF 01:00PM ET,BUF,
,,,,,,,,,,TE,Jacob Tamme (9358799),Jacob Tamme,9358799,2500,ATL@CHI 01:00PM ET,ATL,
,,,,,,,,,,TE,Patrick Scales (9358970),Patrick Scales,9358970,2500,ATL@CHI 01:00PM ET,CHI,
,,,,,,,,,,TE,Levine Toilolo (9359117),Levine Toilolo,9359117,2500,ATL@CHI 01:00PM ET,ATL,
,,,,,,,,,,TE,Dion Sims (9359158),Dion Sims,9359158,2500,ATL@CHI 01:00PM ET,CHI,
,,,,,,,,,,TE,Alex Gray (9359181),Alex Gray,9359181,2500,ATL@CHI 01:00PM ET,ATL,
,,,,,,,,,,TE,MyCole Pruitt (9359237),MyCole Pruitt,9359237,2500,ATL@CHI 01:00PM ET,CHI,
,,,,,,,,,,TE,Daniel Brown (9359333),Daniel Brown,9359333,2500,ATL@CHI 01:00PM ET,CHI,
,,,,,,,,,,TE,Joshua Perkins (9359535),Joshua Perkins,9359535,2500,ATL@CHI 01:00PM ET,ATL,
,,,,,,,,,,TE,Darion Griswold (9359541),Darion Griswold,9359541,2500,ATL@CHI 01:00PM ET,ATL,
,,,,,,,,,,TE,Ben Braunecker (9359641),Ben Braunecker,9359641,2500,ATL@CHI 01:00PM ET,CHI,
,,,,,,,,,,TE,Eric Saubert (9359779),Eric Saubert,9359779,2500,ATL@CHI 01:00PM ET,ATL,
,,,,,,,,,,TE,Adam Shaheen (9360190),Adam Shaheen,9360190,2500,ATL@CHI 01:00PM ET,CHI,
,,,,,,,,,,TE,Andrew DePaola (9360204),Andrew DePaola,9360204,2500,ATL@CHI 01:00PM ET,CHI,
,,,,,,,,,,TE,Clark Harris (9358788),Clark Harris,9358788,2500,BAL@CIN 01:00PM ET,CIN,
,,,,,,,,,,TE,Larry Donnell (9358974),Larry Donnell,9358974,2500,BAL@CIN 01:00PM ET,BAL,
,,,,,,,,,,TE,Ryan Hewitt (9359114),Ryan Hewitt,9359114,2500,BAL@CIN 01:00PM ET,CIN,
,,,,,,,,,,TE,Tyler Kroft (9359379),Tyler Kroft,9359379,2500,BAL@CIN 01:00PM ET,CIN,
,,,,,,,,,,TE,C.J. Uzomah (9359390),C.J. Uzomah,9359390,2500,BAL@CIN 01:00PM ET,CIN,
,,,,,,,,,,TE,Ryan Malleck (9359426),Ryan Malleck,9359426,2500,BAL@CIN 01:00PM ET,BAL,
,,,,,,,,,,TE,Nick Boyle (9359551),Nick Boyle,9359551,2500,BAL@CIN 01:00PM ET,BAL,
,,,,,,,,,,TE,Mason Schreck (9359758),Mason Schreck,9359758,2500,BAL@CIN 01:00PM ET,CIN,
,,,,,,,,,,TE,Cethan Carter (9359886),Cethan Carter,9359886,2500,BAL@CIN 01:00PM ET,CIN,
,,,,,,,,,,TE,Gary Barnidge (9358842),Gary Barnidge,9358842,2500,PIT@CLE 01:00PM ET,CLE,
,,,,,,,,,,TE,David Johnson (9358850),David Johnson,9358850,2500,PIT@CLE 01:00PM ET,PIT,
,,,,,,,,,,TE,Ladarius Green (9359070),Ladarius Green,9359070,2500,PIT@CLE 01:00PM ET,PIT,
,,,,,,,,,,TE,Xavier Grimble (9359277),Xavier Grimble,9359277,2500,PIT@CLE 01:00PM ET,PIT,
,,,,,,,,,,TE,Randall Telfer (9359279),Randall Telfer,9359279,2500,PIT@CLE 01:00PM ET,CLE,
,,,,,,,,,,TE,Jake McGee (9359283),Jake McGee,9359283,2500,PIT@CLE 01:00PM ET,PIT,
,,,,,,,,,,TE,Seth DeValve (9359592),Seth DeValve,9359592,2500,PIT@CLE 01:00PM ET,CLE,
,,,,,,,,,,TE,Taylor McNamara (9359603),Taylor McNamara,9359603,2500,PIT@CLE 01:00PM ET,CLE,
,,,,,,,,,,TE,Nate Iese (9359675),Nate Iese,9359675,2500,PIT@CLE 01:00PM ET,CLE,
,,,,,,,,,,TE,J.P. Holtz (9359720),J.P. Holtz,9359720,2500,PIT@CLE 01:00PM ET,CLE,
,,,,,,,,,,TE,Phazahn Odom (9359724),Phazahn Odom,9359724,2500,PIT@CLE 01:00PM ET,PIT,
,,,,,,,,,,TE,Darren Fells (9358827),Darren Fells,9358827,2500,ARI@DET 01:00PM ET,DET,
,,,,,,,,,,TE,Ifeanyi Momah (9358945),Ifeanyi Momah,9358945,2500,ARI@DET 01:00PM ET,ARI,
,,,,,,,,,,TE,Gerald Christian (9359200),Gerald Christian,9359200,2500,ARI@DET 01:00PM ET,ARI,
,,,,,,,,,,TE,Troy Niklas (9359567),Troy Niklas,9359567,2500,ARI@DET 01:00PM ET,ARI,
,,,,,,,,,,TE,Robert Tonyan (9359639),Robert Tonyan,9359639,2500,ARI@DET 01:00PM ET,DET,
,,,,,,,,,,TE,Hakeem Valles (9359661),Hakeem Valles,9359661,2500,ARI@DET 01:00PM ET,ARI,
,,,,,,,,,,TE,Cole Wick (9359852),Cole Wick,9359852,2500,ARI@DET 01:00PM ET,DET,
,,,,,,,,,,TE,Ricky Seals-Jones (9359979),Ricky Seals-Jones,9359979,2500,ARI@DET 01:00PM ET,ARI,
,,,,,,,,,,TE,Michael Roberts (9360037),Michael Roberts,9360037,2500,ARI@DET 01:00PM ET,DET,
,,,,,,,,,,TE,Scott Orndoff (9360240),Scott Orndoff,9360240,2500,ARI@DET 01:00PM ET,DET,
,,,,,,,,,,TE,James O'Shaughnessy (9358616),James O'Shaughnessy,9358616,2500,JAX@HOU 01:00PM ET,JAX,
,,,,,,,,,,TE,Marcedes Lewis (9358781),Marcedes Lewis,9358781,2500,JAX@HOU 01:00PM ET,JAX,
,,,,,,,,,,TE,Mychal Rivera (9359011),Mychal Rivera,9359011,2500,JAX@HOU 01:00PM ET,JAX,
,,,,,,,,,,TE,Neal Sterling (9359265),Neal Sterling,9359265,2500,JAX@HOU 01:00PM ET,JAX,
,,,,,,,,,,TE,RaShaun Allen (9359338),RaShaun Allen,9359338,2500,JAX@HOU 01:00PM ET,HOU,
,,,,,,,,,,TE,Alex Ellis (9359516),Alex Ellis,9359516,2500,JAX@HOU 01:00PM ET,JAX,
,,,,,,,,,,TE,Stephen Anderson (9359522),Stephen Anderson,9359522,2500,JAX@HOU 01:00PM ET,HOU,
,,,,,,,,,,TE,Ben Koyack (9359565),Ben Koyack,9359565,2500,JAX@HOU 01:00PM ET,JAX,
,,,,,,,,,,TE,Evan Baylis (9359647),Evan Baylis,9359647,2500,JAX@HOU 01:00PM ET,HOU,
,,,,,,,,,,TE,Caleb Bluiett (9359692),Caleb Bluiett,9359692,2500,JAX@HOU 01:00PM ET,JAX,
,,,,,,,,,,TE,David Grinnage (9360236),David Grinnage,9360236,2500,JAX@HOU 01:00PM ET,JAX,
,,,,,,,,,,TE,Anthony Fasano (9358793),Anthony Fasano,9358793,2500,TB@MIA 01:00PM ET,MIA,
,,,,,,,,,,TE,Luke Stocker (9358906),Luke Stocker,9358906,2500,TB@MIA 01:00PM ET,TB,
,,,,,,,,,,TE,Chris Pantale (9359034),Chris Pantale,9359034,2500,TB@MIA 01:00PM ET,MIA,
,,,,,,,,,,TE,MarQueis Gray (9359052),MarQueis Gray,9359052,2500,TB@MIA 01:00PM ET,MIA,
,,,,,,,,,,TE,Tevin Westbrook (9359510),Tevin Westbrook,9359510,2500,TB@MIA 01:00PM ET,TB,
,,,,,,,,,,TE,Alan Cross (9359580),Alan Cross,9359580,2500,TB@MIA 01:00PM ET,TB,
,,,,,,,,,,TE,Thomas Duarte (9359983),Thomas Duarte,9359983,2500,TB@MIA 01:00PM ET,MIA,
,,,,,,,,,,TE,Antony Auclair (9360196),Antony Auclair,9360196,2500,TB@MIA 01:00PM ET,TB,
,,,,,,,,,,DST,Raiders  (9358748),Raiders ,9358748,2500,OAK@TEN 01:00PM ET,OAK,
,,,,,,,,,,TE,Lee Smith (9358904),Lee Smith,9358904,2500,OAK@TEN 01:00PM ET,OAK,
,,,,,,,,,,TE,Beau Brinkley (9359040),Beau Brinkley,9359040,2500,OAK@TEN 01:00PM ET,TEN,
,,,,,,,,,,TE,Gabe Holmes (9359124),Gabe Holmes,9359124,2500,OAK@TEN 01:00PM ET,OAK,
,,,,,,,,,,TE,Jerome Cunningham (9359176),Jerome Cunningham,9359176,2500,OAK@TEN 01:00PM ET,TEN,
,,,,,,,,,,TE,Cooper Helfet (9359191),Cooper Helfet,9359191,2500,OAK@TEN 01:00PM ET,OAK,
,,,,,,,,,,TE,Clive Walford (9359249),Clive Walford,9359249,2500,OAK@TEN 01:00PM ET,OAK,
,,,,,,,,,,TE,Jace Amaro (9359467),Jace Amaro,9359467,2500,OAK@TEN 01:00PM ET,TEN,
,,,,,,,,,,TE,Tim Semisch (9359539),Tim Semisch,9359539,2500,OAK@TEN 01:00PM ET,TEN,
,,,,,,,,,,TE,Phillip Supernaw (9359589),Phillip Supernaw,9359589,2500,OAK@TEN 01:00PM ET,TEN,
,,,,,,,,,,TE,Ryan O'Malley (9359643),Ryan O'Malley,9359643,2500,OAK@TEN 01:00PM ET,OAK,
,,,,,,,,,,TE,Pharaoh Brown (9359649),Pharaoh Brown,9359649,2500,OAK@TEN 01:00PM ET,OAK,
,,,,,,,,,,TE,Jonnu Smith (9359965),Jonnu Smith,9359965,2500,OAK@TEN 01:00PM ET,TEN,
,,,,,,,,,,TE,Brent Celek (9358805),Brent Celek,9358805,2500,PHI@WAS 01:00PM ET,PHI,
,,,,,,,,,,TE,Niles Paul (9358985),Niles Paul,9358985,2500,PHI@WAS 01:00PM ET,WAS,
,,,,,,,,,,TE,Trey Burton (9359198),Trey Burton,9359198,2500,PHI@WAS 01:00PM ET,PHI,
,,,,,,,,,,TE,Manasseh Garner (9359285),Manasseh Garner,9359285,2500,PHI@WAS 01:00PM ET,WAS,
,,,,,,,,,,TE,Anthony Denham (9359375),Anthony Denham,9359375,2500,PHI@WAS 01:00PM ET,PHI,
,,,,,,,,,,TE,Jeremy Sprinkle (9359744),Jeremy Sprinkle,9359744,2500,PHI@WAS 01:00PM ET,WAS,
,,,,,,,,,,TE,E.J. Bibbs (9359907),E.J. Bibbs,9359907,2500,PHI@WAS 01:00PM ET,WAS,
,,,,,,,,,,TE,Adam Zaruba (9360186),Adam Zaruba,9360186,2500,PHI@WAS 01:00PM ET,PHI,
,,,,,,,,,,TE,Billy Brown (9360200),Billy Brown,9360200,2500,PHI@WAS 01:00PM ET,PHI,
,,,,,,,,,,TE,Cory Harkey (9359032),Cory Harkey,9359032,2500,IND@LAR 04:05PM ET,LAR,
,,,,,,,,,,TE,Brandon Williams (9359185),Brandon Williams,9359185,2500,IND@LAR 04:05PM ET,IND,
,,,,,,,,,,TE,Temarrick Hemingway (9359547),Temarrick Hemingway,9359547,2500,IND@LAR 04:05PM ET,LAR,
,,,,,,,,,,TE,Henry Krieger-Coble (9359569),Henry Krieger-Coble,9359569,2500,IND@LAR 04:05PM ET,IND,
,,,,,,,,,,TE,Travis Wilson (9359613),Travis Wilson,9359613,2500,IND@LAR 04:05PM ET,LAR,
,,,,,,,,,,TE,Derek Carrier (9359633),Derek Carrier,9359633,2500,IND@LAR 04:05PM ET,LAR,
,,,,,,,,,,TE,Johnny Mundt (9359930),Johnny Mundt,9359930,2500,IND@LAR 04:05PM ET,LAR,
,,,,,,,,,,TE,Darrell Daniels (9360002),Darrell Daniels,9360002,2500,IND@LAR 04:05PM ET,IND,
,,,,,,,,,,TE,Gerald Everett (9360139),Gerald Everett,9360139,2500,IND@LAR 04:05PM ET,LAR,
,,,,,,,,,,TE,Steven Wroblewski (9360162),Steven Wroblewski,9360162,2500,IND@LAR 04:05PM ET,IND,
,,,,,,,,,,DST,Packers  (9358745),Packers ,9358745,2500,SEA@GB 04:25PM ET,GB,
,,,,,,,,,,TE,Lance Kendricks (9358893),Lance Kendricks,9358893,2500,SEA@GB 04:25PM ET,GB,
,,,,,,,,,,TE,Luke Willson (9359065),Luke Willson,9359065,2500,SEA@GB 04:25PM ET,SEA,
,,,,,,,,,,TE,Tyler Ott (9359241),Tyler Ott,9359241,2500,SEA@GB 04:25PM ET,SEA,
,,,,,,,,,,TE,Marcus Lucas (9359243),Marcus Lucas,9359243,2500,SEA@GB 04:25PM ET,SEA,
,,,,,,,,,,TE,Nick Vannett (9359496),Nick Vannett,9359496,2500,SEA@GB 04:25PM ET,SEA,
,,,,,,,,,,TE,Stevie Donatell (9359705),Stevie Donatell,9359705,2500,SEA@GB 04:25PM ET,SEA,
,,,,,,,,,,TE,Aaron Peck (9359726),Aaron Peck,9359726,2500,SEA@GB 04:25PM ET,GB,
,,,,,,,,,,TE,Tyrone Swoopes (9359867),Tyrone Swoopes,9359867,2500,SEA@GB 04:25PM ET,SEA,
,,,,,,,,,,TE,Beau Sandland (9359875),Beau Sandland,9359875,2500,SEA@GB 04:25PM ET,GB,
,,,,,,,,,,TE,Emanuel Byrd (9360154),Emanuel Byrd,9360154,2500,SEA@GB 04:25PM ET,GB,
,,,,,,,,,,TE,Ed Dickson (9358856),Ed Dickson,9358856,2500,CAR@SF 04:25PM ET,CAR,
,,,,,,,,,,TE,Logan Paulsen (9358868),Logan Paulsen,9358868,2500,CAR@SF 04:25PM ET,SF,
,,,,,,,,,,TE,Kyle Nelson (9358889),Kyle Nelson,9358889,2500,CAR@SF 04:25PM ET,SF,
,,,,,,,,,,TE,Eric Wallace (9358941),Eric Wallace,9358941,2500,CAR@SF 04:25PM ET,CAR,
,,,,,,,,,,TE,Chris Manhertz (9359340),Chris Manhertz,9359340,2500,CAR@SF 04:25PM ET,CAR,
,,,,,,,,,,TE,Scott Simonson (9359344),Scott Simonson,9359344,2500,CAR@SF 04:25PM ET,CAR,
,,,,,,,,,,TE,Bryce Williams (9359557),Bryce Williams,9359557,2500,CAR@SF 04:25PM ET,CAR,
,,,,,,,,,,TE,Cole Hikutini (9359824),Cole Hikutini,9359824,2500,CAR@SF 04:25PM ET,SF,
,,,,,,,,,,TE,George Kittle (9359910),George Kittle,9359910,2500,CAR@SF 04:25PM ET,SF,
,,,,,,,,,,TE,Rhett Ellison (9358943),Rhett Ellison,9358943,2500,NYG@DAL 08:30PM ET,NYG,
,,,,,,,,,,TE,James Hanna (9358993),James Hanna,9358993,2500,NYG@DAL 08:30PM ET,DAL,
,,,,,,,,,,TE,Connor Hamlett (9359325),Connor Hamlett,9359325,2500,NYG@DAL 08:30PM ET,DAL,
,,,,,,,,,,TE,Matt LaCosse (9359491),Matt LaCosse,9359491,2500,NYG@DAL 08:30PM ET,NYG,
,,,,,,,,,,TE,Jerell Adams (9359752),Jerell Adams,9359752,2500,NYG@DAL 08:30PM ET,NYG,
,,,,,,,,,,TE,Colin Thompson (9359769),Colin Thompson,9359769,2500,NYG@DAL 08:30PM ET,NYG,
,,,,,,,,,,TE,Rico Gathers (9359812),Rico Gathers,9359812,2500,NYG@DAL 08:30PM ET,DAL,
,,,,,,,,,,TE,Blake Jarwin (9359854),Blake Jarwin,9359854,2500,NYG@DAL 08:30PM ET,DAL,
,,,,,,,,,,TE,Geoff Swaim (9359865),Geoff Swaim,9359865,2500,NYG@DAL 08:30PM ET,DAL,
,,,,,,,,,,TE,M.J. McFarland (9360218),M.J. McFarland,9360218,2500,NYG@DAL 08:30PM ET,DAL,
,,,,,,,,,,TE,Kyle Carter (9358556),Kyle Carter,9358556,2500,NO@MIN 07:10PM ET,MIN,
,,,,,,,,,,TE,David Morgan (9358558),David Morgan,9358558,2500,NO@MIN 07:10PM ET,MIN,
,,,,,,,,,,TE,Josiah Price (9358560),Josiah Price,9358560,2500,NO@MIN 07:10PM ET,MIN,
,,,,,,,,,,TE,Bucky Hodges (9358562),Bucky Hodges,9358562,2500,NO@MIN 07:10PM ET,MIN,
,,,,,,,,,,TE,Nick Truesdell (9358564),Nick Truesdell,9358564,2500,NO@MIN 07:10PM ET,MIN,
,,,,,,,,,,TE,Kevin McDermott (9358566),Kevin McDermott,9358566,2500,NO@MIN 07:10PM ET,MIN,
,,,,,,,,,,TE,John Phillips (9358667),John Phillips,9358667,2500,NO@MIN 07:10PM ET,NO,
,,,,,,,,,,TE,Michael Hoomanawanui (9358669),Michael Hoomanawanui,9358669,2500,NO@MIN 07:10PM ET,NO,
,,,,,,,,,,TE,Josh Hill (9358671),Josh Hill,9358671,2500,NO@MIN 07:10PM ET,NO,
,,,,,,,,,,TE,Garrett Griffin (9358673),Garrett Griffin,9358673,2500,NO@MIN 07:10PM ET,NO,
,,,,,,,,,,TE,Braedon Bowman (9358675),Braedon Bowman,9358675,2500,NO@MIN 07:10PM ET,NO,
,,,,,,,,,,TE,Blake Bell (9359204),Blake Bell,9359204,2500,NO@MIN 07:10PM ET,MIN,
,,,,,,,,,,TE,Steven Scheu (9358455),Steven Scheu,9358455,2500,LAC@DEN 10:20PM ET,DEN,
,,,,,,,,,,TE,Austin Traylor (9358457),Austin Traylor,9358457,2500,LAC@DEN 10:20PM ET,DEN,
,,,,,,,,,,TE,Jeff Heuerman (9358459),Jeff Heuerman,9358459,2500,LAC@DEN 10:20PM ET,DEN,
,,,,,,,,,,TE,Mike Estes (9358726),Mike Estes,9358726,2500,LAC@DEN 10:20PM ET,LAC,
,,,,,,,,,,TE,Sean Culkin (9358728),Sean Culkin,9358728,2500,LAC@DEN 10:20PM ET,LAC,
,,,,,,,,,,TE,Matt Weiser (9358730),Matt Weiser,9358730,2500,LAC@DEN 10:20PM ET,LAC,
,,,,,,,,,,TE,Sean McGrath (9358732),Sean McGrath,9358732,2500,LAC@DEN 10:20PM ET,LAC,
,,,,,,,,,,TE,Jeff Cumberland (9358734),Jeff Cumberland,9358734,2500,LAC@DEN 10:20PM ET,LAC,
,,,,,,,,,,DST,Jets  (9358752),Jets ,9358752,2400,NYJ@BUF 01:00PM ET,NYJ,
,,,,,,,,,,DST,Saints  (9358677),Saints ,9358677,2400,NO@MIN 07:10PM ET,NO,
,,,,,,,,,,DST,Chiefs  (9358514),Chiefs ,9358514,2300,KC@NE 08:30PM ET,KC,
,,,,,,,,,,DST,Bears  (9358740),Bears ,9358740,2200,ATL@CHI 01:00PM ET,CHI,
,,,,,,,,,,DST,49ers  (9358756),49ers ,9358756,2100,CAR@SF 04:25PM ET,SF,
,,,,,,,,,,DST,Browns  (9358742),Browns ,9358742,2000,PIT@CLE 01:00PM ET,CLE,
